type	rel_length	iqr	nobservations
simple	1.0	0.0	78
main	0.8577762520538852	0.13372268971074663	78
xcomp	0.652130207317222	0.12638645015406125	43
ccomp	0.9340567638641073	0.1954294485559943	59
conj	0.7760913038110151	0.1734691253254802	63
acl	0.7159644217605293	0.19194235715790187	68
advcl	0.7392778941443239	0.16408989727590195	64
csubj	0.8431528877771816	0.1685468944238263	33
parataxis	0.617774360566989	0.23527192793851204	47
