type	rel_length	iqr	nobservations	corr_length	corriqr	nobservationscorr	diff	diffiqr
xcomp	0.662172685720339	0.1938315417307852	43
conj	0.8954342119717924	0.16240734057379558	63
ccomp	0.5588328950933101	0.12320507769631817	59
comp	0.6060876369192268	0.14074852992397446	68	0.36931258164517183	0.11716785900434845	68	0.018721391751515135	0.1599443449984021
acl	1.065273056918181	0.21275447886888066	68
advcl	0.8886198658474745	0.17008220898311166	64	0.16510808029129126	0.06617272826315394	64	-0.059973735178107924	0.18761013056779108
csubj	0.5395463136878494	0.1875742174563375	33	0.2729342213302033	0.06687159185393474	33	0.17540641957231465	0.2180326930815708
parataxis	0.8194276764080848	0.19026178397735483	47
