pro_abs	pro_rel	contra_abs	contra_rel	undefined_abs	undefined_rel
58.0	0.7435897435897436	2.0	0.02564102564102564	18.0	0.23076923076923078
