pro_abs	pro_rel	contra_abs	contra_rel	undefined_abs	undefined_rel
38.0	0.48717948717948717	5.0	0.0641025641025641	35.0	0.44871794871794873
