pro_abs	pro_rel	contra_abs	contra_rel	undefined_abs	undefined_rel
26.0	0.34210526315789475	19.0	0.25	30.0	0.39473684210526316
