pro_abs	pro_rel	contra_abs	contra_rel	undefined_abs	undefined_rel
12.0	0.15384615384615385	29.0	0.3717948717948718	37.0	0.47435897435897434
