pro_abs	pro_rel	contra_abs	contra_rel	undefined_abs	undefined_rel
68.0	0.8717948717948718	0.0	0.0	10.0	0.1282051282051282
