pro_abs	pro_rel	contra_abs	contra_rel	undefined_abs	undefined_rel
11.0	0.14102564102564102	22.0	0.28205128205128205	45.0	0.5769230769230769
