clause_type	ave_clause_in_words	nobservations	iqr	corr_type_length	ncorrobservations	diff
xcomp	13.851851851851851	81	9.0
conj	13.280373831775702	107	9.0
ccomp	14.518248175182482	274	10.0
csubj	18.0	1	0.0	2.006384124298131	26002.0	-3.905175665083629
comp	14.366197183098592	355	10.0	4.726303175554224	16690.0	-2.991291899438316
