clause_type	ave_clause_in_words	nobservations	iqr
simple	16.1012084592145	662	10.0
main	14.123110151187905	463	10.0
xcomp	9.444444444444445	81	8.0
ccomp	8.525547445255475	274	5.0
conj	8.214953271028037	107	5.5
csubj	5.0	1	0.0
