clause_type	ave_clause_in_words	nobservations	iqr
simple	8.319695528068506	1051	6.0
ccomp	7.0	2	2.0
acl	6.3375	80	5.0
main	6.295495495495495	555	3.5
advcl	5.230769230769231	13	2.0
parataxis	4.8	5	3.0
conj	4.308755760368664	434	2.0
xcomp	2.3333333333333335	21	2.0
