clause_type	ave_clause_in_words	nobservations	iqr	corr_type_length	ncorrobservations	diff
conj	4.949308755760368	434	3.0
xcomp	6.142857142857143	21	7.0
ccomp	7.0	2	2.0
parataxis	4.6	5	1.0
acl	12.775	80	9.25
advcl	12.153846153846153	13	6.0	1.012721027859051	7861.0	-4.846871653636699
comp	6.217391304347826	23	6.5	2.820651209932852	39465.0	-0.7183469862121719
