clause_type	ave_clause_in_words	nobservations	iqr
simple	3.199044585987261	628	2.0
ccomp	2.7966101694915255	59	2.0
parataxis	2.6666666666666665	3	0.5
csubj	2.5	18	1.0
advcl	2.2847222222222223	144	1.0
xcomp	2.1923076923076925	26	2.0
main	2.171974522292994	314	2.0
acl	1.9148936170212767	47	1.5
conj	1.8235294117647058	17	1.0
