clause_type	ave_clause_in_words	nobservations	iqr	corr_type_length	ncorrobservations	diff
advcl	2.236111111111111	144	2.0	1.9207199485751019	4667.0	-0.9577864736989516
acl	2.893617021276596	47	1.0
ccomp	1.728813559322034	59	1.0
csubj	1.9444444444444444	18	1.0	1.5417696255464741	21044.0	-0.28716948400365716
conj	2.411764705882353	17	1.0
xcomp	1.5769230769230769	26	1.0
parataxis	1.6666666666666667	3	0.5
comp	1.6823529411764706	85	1.0	2.321384526843706	12163.0	-0.8046928820329153
