clause_type	ave_clause_in_words	nobservations	iqr	corr_type_length	ncorrobservations	diff
xcomp	4.800237812128419	841	3.0
advcl	6.221781716417911	4288	4.0	1.1632808411268538	8458843.0	-0.7075486320097308
csubj	4.54140127388535	157	4.0	2.174793078826022	9376155.0	-0.038680427176339016
conj	7.230925737538149	1966	4.0
ccomp	3.8100358422939067	837	3.0
acl	8.033163265306122	784	5.0
parataxis	6.25	60	5.0
comp	4.306317044100119	1678	3.0	2.1694854271111925	5664251.0	0.20171145432372217
