clause_type	ave_clause_in_words	nobservations	iqr
simple	6.677513925535034	10233	4.0
main	6.213702003806112	8933	4.0
ccomp	5.763440860215054	837	4.0
acl	4.801020408163265	784	3.0
csubj	4.662420382165605	157	4.0
conj	4.513224821973551	1966	4.0
advcl	3.7880130597014925	4288	3.0
xcomp	3.7265160523186682	841	3.0
parataxis	3.566666666666667	60	2.25
