clause_type	ave_clause_in_words	nobservations	iqr	corr_type_length	ncorrobservations	diff
parataxis	1.7673469387755103	245	0.0
ccomp	5.141732283464567	127	5.5
csubj	2.875	24	3.0	3.601388357758146	154283.0	3.138136781906659
conj	9.2	90	5.75
acl	10.730337078651685	178	8.0
advcl	8.70796460176991	113	6.0	1.106353688669255	28330.0	-0.19979315077436155
xcomp	6.625	16	8.25
comp	5.3076923076923075	143	6.0	5.267762460233298	75440.0	-0.9609296282608017
