clause_type	ave_clause_in_words	nobservations	iqr
parataxis	13.06938775510204	245	8.0
csubj	11.375	24	8.5
ccomp	11.330708661417322	127	10.0
xcomp	11.125	16	3.0
simple	9.614525139664805	1074	7.0
advcl	8.672566371681416	113	6.0
conj	7.988888888888889	90	5.0
acl	7.01123595505618	178	4.0
main	6.283732660781841	793	9.0
