clause_type	ave_clause_in_words	nobservations	iqr
csubj	7.0606060606060606	33	6.0
simple	7.011345218800648	617	5.0
ccomp	6.78	50	4.0
main	6.443886097152429	597	5.0
advcl	5.7611940298507465	67	4.0
acl	5.032679738562091	153	5.0
conj	4.690789473684211	152	3.0
xcomp	4.533333333333333	45	3.0
parataxis	3.402061855670103	97	2.0
