clause_type	ave_clause_in_words	nobservations	iqr	corr_type_length	ncorrobservations	diff
acl	8.869281045751634	153	6.0
advcl	6.6716417910447765	67	4.0	1.1728802000454648	17596.0	-0.8331767722895931
parataxis	6.876288659793815	97	6.0
conj	5.815789473684211	152	3.0
csubj	3.212121212121212	33	2.0	1.7439303601240161	41930.0	2.0552936465554206
ccomp	3.4	50	2.0
xcomp	4.8	45	3.0
comp	4.063157894736842	95	3.0	1.9477695167286246	16140.0	1.0004178073351815
