clause_type	ave_clause_in_words	nobservations	iqr	corr_type_length	ncorrobservations	diff
parataxis	3.5714285714285716	224	3.0
ccomp	5.3	10	4.5
acl	4.954545454545454	22	1.0
xcomp	4.383561643835616	73	2.0
advcl	5.878787878787879	33	4.0	1.0	78.0	-1.7495361781076069
csubj	6.0	1	0.0	1.3989715832205682	18475.0	-2.269719882540296
comp	4.493975903614458	83	3.0	1.7557037557037558	8547.0	-1.1204279586379418
