clause_type	ave_clause_in_words	nobservations	iqr
advcl	6.212121212121212	33	3.0
acl	5.909090909090909	22	2.0
ccomp	5.7	10	2.5
simple	5.129251700680272	294	4.0
parataxis	4.941964285714286	224	4.0
xcomp	4.315068493150685	73	2.0
main	4.082644628099174	363	3.0
csubj	4.0	1	0.0
