clause_type	ave_clause_in_words	nobservations	iqr	corr_type_length	ncorrobservations	diff
acl	7.484276729559748	318	4.0
xcomp	3.7043478260869565	230	3.0
advcl	6.299090909090909	1100	4.0	1.1035336518062606	600993.0	-0.2631287625778418
ccomp	3.851528384279476	229	3.0
conj	6.024709302325581	688	4.0
parataxis	8.090909090909092	22	3.75
csubj	3.9857142857142858	70	3.0	2.0042430581865904	728484.0	1.149538454418452
comp	3.7777777777777777	459	3.0	2.1548655173373406	574944.0	1.2068525032042094
