clause_type	ave_clause_in_words	nobservations	iqr
simple	7.139495798319328	2975	4.0
conj	6.050872093023256	688	2.0
main	5.888219796763267	2657	4.0
ccomp	5.5196506550218345	229	3.0
xcomp	4.234782608695652	230	3.0
csubj	4.185714285714286	70	2.75
acl	4.022012578616352	318	2.0
advcl	3.889090909090909	1100	3.0
parataxis	1.8181818181818181	22	0.75
