clause_type	ave_clause_in_words	nobservations	iqr
ccomp	6.95952380952381	420	4.0
simple	6.251584283903676	11046	5.0
acl	6.131400966183575	1035	4.0
advcl	5.509677419354839	310	3.0
main	5.451876019575857	4904	5.0
conj	5.267702936096718	1158	4.0
csubj	5.0606060606060606	198	4.0
xcomp	4.2562111801242235	644	3.25
parataxis	3.8472344161545213	1139	4.0
