clause_type	ave_clause_in_words	nobservations	iqr	corr_type_length	ncorrobservations	diff
parataxis	5.443371378402107	1139	5.0
conj	5.837651122625216	1158	4.0
acl	7.166183574879227	1035	5.0
xcomp	4.086956521739131	644	3.0
csubj	2.712121212121212	198	2.0	2.15298343145903	5849640.0	1.3864796403234338
ccomp	3.019047619047619	420	2.0
advcl	6.2	310	4.0	1.1505343789731368	3544114.0	-1.098950095069461
comp	3.6654135338345863	1064	3.0	2.6490269567183375	2490177.0	-0.06285620664924796
