clause_type	ave_clause_in_words	nobservations	iqr
simple	6.991886409736308	493	5.0
ccomp	6.0	14	1.75
conj	6.0	27	2.5
main	5.947643979057592	191	5.0
advcl	5.145833333333333	48	4.0
acl	4.490566037735849	53	3.0
xcomp	3.8	20	4.5
parataxis	3.6	15	4.0
csubj	1.5714285714285714	14	0.0
