clause_type	ave_clause_in_words	nobservations	iqr	corr_type_length	ncorrobservations	diff
xcomp	4.35	20	2.5
csubj	3.2142857142857144	14	0.75	2.1573925525626954	11843.0	1.6202081428878987
advcl	6.5	48	5.0	1.004921968787515	8330.0	-0.5130355590512075
ccomp	4.0	14	1.0
acl	6.660377358490566	53	6.0
conj	6.2592592592592595	27	4.0
parataxis	7.6	15	7.5
comp	4.205882352941177	34	1.75	2.521541212810925	6151.0	0.26446284398420694
