clause_type	ave_clause_in_words	nobservations	iqr	corr_type_length	ncorrobservations	diff
advcl	5.803225806451613	620	5.0	1.112602912020124	1041545.0	1.9913076862256434
csubj	3.6964285714285716	224	2.0	2.363455889000806	2355909.0	2.8472519442680033
conj	6.861252115059222	591	5.0
ccomp	3.367015098722416	861	2.0
acl	8.236953455571227	709	6.0
xcomp	4.548223350253807	197	4.0
parataxis	3.8056872037914693	211	3.0
comp	3.5869565217391304	1058	2.0	3.6013941328080294	1078233.0	1.7187857501502215
