clause_type	ave_clause_in_words	nobservations	iqr
parataxis	11.042654028436019	211	7.5
simple	8.90713640469738	5535	7.0
csubj	8.1875	224	7.0
ccomp	7.441347270615563	861	5.0
acl	7.263751763046544	709	5.0
conj	6.494077834179357	591	4.0
xcomp	6.126903553299492	197	4.0
advcl	5.951612903225806	620	4.0
main	5.543217111046	3413	4.0
