clause_type	ave_clause_in_words	nobservations	iqr
csubj	7.5	2	3.5
simple	6.358762886597938	485	4.0
main	5.076595744680851	235	3.0
ccomp	5.0	9	3.0
parataxis	4.215189873417722	79	2.0
advcl	3.825	40	3.0
acl	3.824561403508772	57	2.0
conj	3.3333333333333335	6	1.0
xcomp	3.1904761904761907	42	3.0
