clause_type	ave_clause_in_words	nobservations	iqr	corr_type_length	ncorrobservations	diff
advcl	4.7	40	2.25	1.0838842033280145	8774.0	0.5748786832699233
acl	5.719298245614035	57	4.0
parataxis	5.632911392405063	79	3.0
ccomp	3.7777777777777777	9	2.0
xcomp	3.9285714285714284	42	3.0
conj	5.333333333333333	6	3.25
csubj	1.5	2	0.5	1.9918819832402235	11456.0	2.866880903357714
comp	3.9019607843137254	51	3.0	1.9623207022050952	4671.0	0.4944814000791169
