clause_type	ave_clause_in_words	nobservations	iqr
ccomp	5.170212765957447	47	4.0
main	5.042654028436019	211	3.0
simple	4.634204275534442	421	3.0
advcl	3.5555555555555554	36	3.0
parataxis	3.55	20	3.0
conj	3.4	60	2.25
acl	3.0952380952380953	21	2.0
csubj	3.0	4	1.5
xcomp	2.3043478260869565	23	1.5
