clause_type	ave_clause_in_words	nobservations	iqr	corr_type_length	ncorrobservations	diff
conj	4.716666666666667	60	4.0
acl	7.333333333333333	21	4.0
advcl	6.083333333333333	36	3.0	1.0527327657237022	10923.0	-2.501861823522593
ccomp	4.48936170212766	47	2.5
xcomp	4.260869565217392	23	2.0
parataxis	4.05	20	2.5
csubj	4.5	4	1.5	1.1778434728489187	6427.0	-1.0436391973144765
comp	4.414285714285715	70	2.0	1.487855837033168	3829.0	-1.2679372757844405
