clause_type	ave_clause_in_words	nobservations	iqr
simple	17.054378350778656	3917	14.0
main	13.199381761978362	3882	10.0
ccomp	13.100436681222707	458	9.0
conj	11.231686541737648	587	7.0
xcomp	10.962962962962964	324	10.0
csubj	10.637931034482758	116	9.0
advcl	10.472636815920398	804	7.0
acl	10.4001268230818	1577	7.0
parataxis	5.875	16	5.25
