clause_type	ave_clause_in_words	nobservations	iqr	corr_type_length	ncorrobservations	diff
advcl	13.567164179104477	804	10.0	1.6070694669669177	913902.0	1.880144704707261
acl	16.46734305643627	1577	11.0
xcomp	8.867283950617283	324	8.0
csubj	5.931034482758621	116	4.0	3.8380863799927325	1524566.0	7.285257488027302
ccomp	6.451965065502184	458	6.0
conj	13.028960817717206	587	8.0
parataxis	12.4375	16	9.0
comp	7.452685421994885	782	7.0	5.502225870802356	1688328.0	4.099467057981414
