clause_type	ave_clause_in_words	nobservations	iqr	corr_type_length	ncorrobservations	diff
advcl	9.47258064516129	620	6.0	1.0432141724514605	454064.0	-1.3104850830994756
conj	5.609756097560975	82	3.0
xcomp	7.649122807017544	228	6.0
acl	10.798004987531172	802	5.0
parataxis	8.007575757575758	396	5.0
ccomp	5.533333333333333	330	4.0
csubj	8.113636363636363	44	3.0	2.435597951074799	541357.0	-1.3439245801978874
comp	6.397849462365591	558	5.0	2.727364064004741	215984.0	0.08009620814294216
