clause_type	ave_clause_in_words	nobservations	iqr
simple	9.205309734513275	1695	6.0
main	8.829336530775379	2502	6.0
ccomp	7.384848484848485	330	5.5
parataxis	6.616161616161616	396	4.0
csubj	5.75	44	4.0
advcl	4.861290322580645	620	3.0
xcomp	4.644736842105263	228	4.0
acl	3.674563591022444	802	4.0
conj	3.317073170731707	82	2.0
