clause_type	ave_clause_in_words	nobservations	iqr	corr_type_length	ncorrobservations	diff
conj	3.193018480492813	2922	2.0
ccomp	2.4168475900998696	2303	2.0
advcl	3.4746835443037973	2054	2.0	1.018868998299061	73308926.0	-0.316201219940214
csubj	2.595821325648415	1388	1.0	1.4794199735869142	96318924.0	0.1021100234273149
parataxis	3.255505617977528	4450	2.0
acl	4.024935064935065	1925	2.0
xcomp	3.7344913151364763	403	1.0
comp	2.6130820399113084	2706	1.0	1.5017780793564148	55618440.0	0.06249120339492098
