clause_type	ave_clause_in_words	nobservations	iqr
simple	4.177351322662644	35799	2.0
ccomp	3.254016500217108	2303	2.0
csubj	3.2146974063400577	1388	2.0
main	3.1968921981223697	15445	2.0
acl	3.1724675324675324	1925	2.0
conj	2.7313483915126624	2922	1.0
advcl	2.6192794547224927	2054	1.0
xcomp	2.5409429280397022	403	1.0
parataxis	2.242921348314607	4450	1.0
