clause_type	ave_clause_in_words	nobservations	iqr
simple	5.064981949458484	277	2.0
conj	3.925925925925926	27	2.0
main	3.7930232558139534	430	3.0
csubj	3.75	8	4.0
ccomp	3.675324675324675	77	2.0
advcl	3.2956521739130435	115	2.0
parataxis	3.173076923076923	52	2.0
xcomp	3.1666666666666665	24	2.0
acl	2.4015748031496065	127	2.0
