clause_type	ave_clause_in_words	nobservations	iqr	corr_type_length	ncorrobservations	diff
acl	4.503937007874016	127	3.0
advcl	3.643478260869565	115	3.0	1.1446525966326773	8434.0	0.27685109195624147
xcomp	3.1666666666666665	24	2.25
ccomp	2.831168831168831	77	2.0
parataxis	3.9615384615384617	52	2.25
conj	3.962962962962963	27	1.5
csubj	4.125	8	0.75	1.8321005917159763	4056.0	-0.8921186422574925
comp	2.910891089108911	101	2.0	3.383706917329477	4149.0	-1.2296160569799044
