clause_type	ave_clause_in_words	nobservations	iqr	corr_type_length	ncorrobservations	diff
conj	8.67123287671233	438	4.0
acl	11.070422535211268	781	7.0
ccomp	5.983164983164984	297	5.0
parataxis	11.38404452690167	539	8.0
advcl	8.396153846153846	260	6.0	1.154556816691601	373649.0	1.983187642239299
xcomp	5.827956989247312	186	4.0
csubj	4.206896551724138	58	3.0	2.958810757722693	647572.0	4.368190995637915
comp	5.923395445134576	483	5.0	3.3925382482445623	317727.0	2.2179646117056073
