clause_type	ave_clause_in_words	nobservations	iqr
simple	11.533898305084746	2242	8.0
ccomp	10.245791245791246	297	6.0
main	9.327080890973036	2559	7.0
csubj	9.275862068965518	58	5.75
advcl	8.346153846153847	260	5.0
conj	8.127853881278538	438	5.0
acl	7.873239436619718	781	5.0
xcomp	6.102150537634409	186	5.0
parataxis	4.363636363636363	539	4.0
