clause_type	ave_clause_in_words	nobservations	iqr
csubj	9.100436681222707	2519	7.0
simple	9.056944044879172	55616	8.0
ccomp	8.756152125279643	3576	6.0
acl	8.147166955017301	9248	5.0
main	7.699642824984243	33317	6.0
conj	7.614486486486486	9250	5.0
advcl	7.204980340760157	3815	5.0
parataxis	7.1148255813953485	688	5.0
xcomp	6.228618810708363	4221	5.0
