clause_type	ave_clause_in_words	nobservations	iqr	corr_type_length	ncorrobservations	diff
acl	9.98659169550173	9248	7.0
conj	8.005513513513513	9250	5.0
xcomp	5.443022980336413	4221	4.0
csubj	4.411671298134181	2519	3.0	3.1884460311751526	158438423.0	1.4568267155698393
advcl	8.321887287024902	3815	5.0	1.1058095902548861	126757924.0	-0.3707528324006155
ccomp	4.6115771812080535	3576	4.0
parataxis	11.329941860465116	688	9.0
comp	5.061690393741182	7797	5.0	3.519947358760581	70379042.0	0.4753062923774092
