clause_type	ave_clause_in_words	nobservations	iqr
ccomp	9.281437125748504	167	5.0
simple	9.10673665791776	2286	7.0
main	8.42681347150259	1544	7.0
advcl	8.013986013986013	286	5.0
conj	7.884020618556701	388	5.0
acl	7.463793103448276	580	5.0
xcomp	3.4796747967479673	123	4.0
