clause_type	ave_clause_in_words	nobservations	iqr	corr_type_length	ncorrobservations	diff
acl	9.256896551724138	580	7.0
ccomp	5.25748502994012	167	5.0
advcl	8.534965034965035	286	7.0	1.6248269381047744	397979.0	-1.053055315152049
conj	7.675257731958763	388	5.25
xcomp	10.934959349593496	123	8.5
comp	7.665517241379311	290	8.0	3.590589817674604	200740.0	-2.149370401136153
