clause_type	ave_clause_in_words	nobservations	iqr	corr_type_length	ncorrobservations	diff
ccomp	4.7917525773195875	485	3.0
xcomp	4.694092827004219	474	2.75
acl	9.667100977198697	1535	6.0
advcl	8.31619786614937	1031	5.0	1.071388591173436	2999695.0	-1.1299103585871055
parataxis	4.092307692307692	1365	5.0
conj	9.107604017216643	697	5.0
csubj	4.740259740259741	231	2.0	2.26699671623444	6076865.0	1.2504196422415195
comp	4.743482794577685	959	3.0	3.2279235746635804	1642963.0	0.2862697294944354
