clause_type	ave_clause_in_words	nobservations	iqr
simple	8.2576760987357	9966	7.0
conj	8.022955523672884	697	5.0
ccomp	7.820618556701031	485	6.0
acl	7.188273615635179	1535	5.0
main	7.0455482983843245	5818	7.0
advcl	6.874878758486906	1031	5.0
csubj	6.6017316017316015	231	4.0
xcomp	5.928270042194093	474	5.0
parataxis	3.947985347985348	1365	3.0
