clause_type	ave_clause_in_words	nobservations	iqr	corr_type_length	ncorrobservations	diff
advcl	7.739975698663426	1646	5.0	1.1303211218722198	6006816.0	-1.7987803766744141
acl	9.42164705882353	2125	8.0
ccomp	3.826564215148189	911	3.0
conj	7.7564008778346745	1367	5.0
parataxis	5.733050847457627	708	4.0
xcomp	5.034355828220859	815	3.0
csubj	5.528795811518324	191	4.0	1.6183383065526589	12242908.0	-0.0756176742097514
comp	4.3968713789107765	1726	3.0	3.5432676332813746	3975593.0	-0.8686225683309194
