clause_type	ave_clause_in_words	nobservations	iqr
ccomp	7.857299670691548	911	5.0
conj	7.758595464520848	1367	5.0
main	7.222465541672034	7763	5.0
simple	7.071516443861232	12193	7.0
advcl	6.87910085054678	1646	5.0
csubj	6.832460732984293	191	5.5
acl	6.291764705882353	2125	5.0
xcomp	6.1803680981595095	815	5.0
parataxis	4.586158192090395	708	4.0
