clause_type	ave_clause_in_words	nobservations	iqr
simple	4.453315290933694	739	3.0
ccomp	4.2	25	2.0
main	4.136659436008677	461	3.0
csubj	4.1	10	4.25
conj	4.087431693989071	183	2.0
parataxis	3.2153846153846155	65	2.0
acl	3.0697674418604652	43	3.5
advcl	2.4431818181818183	88	2.0
xcomp	2.0	47	2.0
