clause_type	ave_clause_in_words	nobservations	iqr	corr_type_length	ncorrobservations	diff
advcl	4.579545454545454	88	3.0	1.1561318812918677	26721.0	-1.2823620449036275
conj	4.33879781420765	183	3.0
xcomp	3.3191489361702127	47	3.0
parataxis	3.1384615384615384	65	2.0
acl	6.023255813953488	43	3.5
ccomp	2.4	25	1.0
csubj	3.1	10	2.75	1.3622099072127736	47097.0	-0.008894616279079948
comp	3.0	72	2.0	1.346828199196396	16426.0	0.1064870917372982
