clause_type	ave_clause_in_words	nobservations	iqr	corr_type_length	ncorrobservations	diff
csubj	3.610869565217391	460	3.0	1.5895711035918396	15674391.0	0.7569626634762141
acl	7.507727101394647	2653	4.0
parataxis	5.467120181405896	1764	4.0
advcl	5.9907407407407405	1836	4.0	1.0676652570921592	13730621.0	-1.1010026655474547
ccomp	3.5559006211180124	644	2.25
conj	5.653704676826064	1903	3.0
xcomp	4.58411214953271	642	3.0
comp	4.069206842923795	1286	3.0	1.8526650532707725	5677879.0	0.035531436090876944
