clause_type	ave_clause_in_words	nobservations	iqr
ccomp	7.032608695652174	644	4.0
simple	5.957403332285445	12724	5.0
main	5.879014340537265	9902	5.0
conj	5.529689963215975	1903	3.0
csubj	5.078260869565217	460	4.0
advcl	5.049564270152506	1836	4.0
acl	4.138710893328308	2653	4.0
xcomp	3.3068535825545173	642	2.0
parataxis	2.8554421768707483	1764	3.0
