clause_type	ave_clause_in_words	nobservations	iqr	corr_type_length	ncorrobservations	diff
acl	7.614678899082569	109	4.0
advcl	6.042857142857143	70	3.0	1.0354663410897251	83544.0	-0.6507044363278203
conj	6.167741935483871	155	3.0
ccomp	4.821656050955414	157	3.0
xcomp	3.9	10	1.0
parataxis	1.5583333333333333	120	0.0
csubj	3.5714285714285716	14	1.75	1.3510412392654818	277842.0	1.5051492369249937
comp	4.766467065868263	167	3.0	1.7074927473406916	29989.0	-0.04634076558990774
