clause_type	ave_clause_in_words	nobservations	iqr
simple	6.427619047619047	1050	3.0
parataxis	6.408333333333333	120	3.0
ccomp	6.191082802547771	157	4.0
csubj	6.071428571428571	14	2.75
conj	6.04516129032258	155	4.0
main	5.105511811023622	635	4.0
xcomp	4.9	10	3.5
acl	4.614678899082569	109	2.0
advcl	4.257142857142857	70	2.0
