clause_type	ave_clause_in_words	nobservations	iqr	corr_type_length	ncorrobservations	diff
ccomp	3.1088211046990932	1213	2.0
xcomp	3.3162911611785097	1154	2.0
advcl	5.080772261623325	2538	3.0	1.0901462799347115	15627844.0	-0.7611639036166844
conj	4.932034435885818	2207	3.0
acl	6.108614232209738	2937	4.0
csubj	3.323809523809524	315	2.0	1.5103519707004338	24346572.0	0.5755931434313943
parataxis	4.7379518072289155	332	5.0
comp	3.2099704267004645	2367	2.0	1.7244529721290034	9863300.0	0.4753312391118847
