clause_type	ave_clause_in_words	nobservations	iqr
ccomp	5.581203627370157	1213	3.0
simple	5.409754637941353	16710	4.0
conj	5.027186225645673	2207	3.0
csubj	5.0	315	3.0
main	4.855927449513837	10696	3.0
advcl	4.2178881008668245	2538	4.0
acl	4.01906707524685	2937	3.0
parataxis	3.9849397590361444	332	3.0
xcomp	3.383015597920277	1154	2.0
