clause_type	ave_clause_in_words	nobservations	iqr	corr_type_length	ncorrobservations	diff
xcomp	6.449170124481328	964	5.25
acl	11.95349604221636	3032	8.0
conj	9.881438289601554	1029	6.0
advcl	10.076719576719576	1134	7.0	1.3718866944665655	4750377.0	-0.2995664037526691
ccomp	6.428571428571429	455	5.0
parataxis	10.982683982683982	231	10.5
csubj	6.142857142857143	63	3.0	1.8382721886555111	9145304.0	3.167910535920818
comp	6.442565186751233	1419	5.0	4.796314287739403	3033335.0	-0.0898396070571632
