clause_type	ave_clause_in_words	nobservations	iqr
simple	11.149039867433473	10259	8.0
ccomp	10.217582417582417	455	7.0
main	10.119281991893457	6908	7.0
conj	9.257531584062196	1029	5.0
csubj	9.253968253968255	63	7.0
advcl	8.709876543209877	1134	6.0
acl	7.552440633245382	3032	6.0
xcomp	7.539419087136929	964	6.0
parataxis	7.4935064935064934	231	6.5
