clause_type	ave_clause_in_words	nobservations	iqr
simple	18.64328899637243	827	16.0
main	14.775384615384615	1300	10.0
ccomp	9.881529850746269	1072	8.0
acl	8.922222222222222	90	5.75
csubj	8.6	5	3.0
conj	8.583333333333334	36	6.25
xcomp	8.205128205128204	39	9.5
advcl	7.23404255319149	47	6.0
parataxis	5.363636363636363	11	3.0
