clause_type	ave_clause_in_words	nobservations	iqr	corr_type_length	ncorrobservations	diff
ccomp	15.82929104477612	1072	9.0
xcomp	11.307692307692308	39	13.5
acl	11.11111111111111	90	9.0
conj	9.166666666666666	36	5.25
advcl	7.829787234042553	47	6.0	1.4290987956254904	43342.0	9.384402966704387
parataxis	7.545454545454546	11	5.0
csubj	3.4	5	2.0	4.6715928399257125	75921.0	10.571696156446718
comp	15.670567056705671	1111	9.0	8.881191904929992	67992.0	-5.908469965263233
