clause_type	ave_clause_in_words	nobservations	iqr	corr_type_length	ncorrobservations	diff
xcomp	8.34290963754802	5987	6.0
parataxis	10.94533555755165	7793	6.0
conj	10.007297321349114	11237	5.0
ccomp	7.226298044504383	7415	5.0
acl	10.959333765952845	13869	5.0
csubj	5.748913043478261	2760	3.0	2.504745790693739	518265271.0	2.6615499552710276
advcl	10.158853105041446	7359	5.0	1.0997414139217436	447759604.0	-0.3433857295201612
comp	7.725115654379943	13402	5.0	3.6304712004968085	245068290.0	-0.44037806543372326
