clause_type	ave_clause_in_words	nobservations	iqr
simple	10.915208789443028	99574	9.0
ccomp	10.690357383681727	7415	5.0
main	9.640233959588798	56420	6.0
csubj	9.314492753623188	2760	5.0
acl	8.684115653615978	13869	4.0
conj	8.644033104921242	11237	5.0
advcl	8.295692349504009	7359	6.0
xcomp	7.5545348254551525	5987	5.0
parataxis	6.605800076992172	7793	6.0
