clause_type	ave_clause_in_words	nobservations	iqr	corr_type_length	ncorrobservations	diff
conj	6.436450839328537	417	4.0
ccomp	3.6296296296296298	216	2.0
acl	6.83030303030303	165	4.0
xcomp	3.908256880733945	109	3.0
advcl	5.0215208034433285	697	3.0	1.1400974418945595	293303.0	-0.7612332597748459
csubj	3.8181818181818183	11	1.0	1.7405964112429841	365419.0	-0.15839324386176123
parataxis	7.8	5	1.0
comp	3.723076923076923	325	2.0	1.7033007821130308	226310.0	-0.025992719626912297
