clause_type	ave_clause_in_words	nobservations	iqr
simple	5.400384985563042	2078	4.0
main	5.309876543209876	1620	4.0
ccomp	4.87962962962963	216	3.0
acl	3.9454545454545453	165	3.0
advcl	3.7532281205164995	697	3.0
conj	3.7505995203836933	417	3.0
csubj	3.3636363636363638	11	3.0
xcomp	3.0275229357798166	109	2.0
parataxis	2.0	5	0.0
