clause_type	ave_clause_in_words	nobservations	iqr	corr_type_length	ncorrobservations	diff
acl	11.963730569948186	193	7.0
parataxis	5.24	25	6.0
advcl	10.5	102	6.0	1.6001591934200052	22614.0	-1.6610566293174411
conj	9.368421052631579	76	5.0
csubj	4.057142857142857	35	3.0	3.6613325467350024	27121.0	2.720627160224705
xcomp	6.558139534883721	43	3.5
ccomp	4.2	75	4.0
comp	5.059322033898305	118	4.0	4.482961063499562	14819.0	0.8968194667046969
