clause_type	ave_clause_in_words	nobservations	iqr
ccomp	12.906666666666666	75	7.0
simple	10.439102564102564	624	9.0
csubj	10.371428571428572	35	6.0
main	9.03825136612022	549	7.0
conj	8.93421052631579	76	5.0
advcl	8.480392156862745	102	5.0
acl	8.26943005181347	193	5.0
xcomp	8.023255813953488	43	6.5
parataxis	6.6	25	6.0
