clause_type	ave_clause_in_words	nobservations	iqr
simple	9.366164542294323	1726	6.0
ccomp	8.893939393939394	198	7.0
main	7.591174906964381	1881	6.0
advcl	7.433333333333334	210	4.0
xcomp	6.337423312883436	163	5.0
conj	5.856492027334852	439	3.0
acl	5.4828025477707	785	4.0
csubj	4.5	2	2.5
parataxis	3.857142857142857	84	3.25
