clause_type	ave_clause_in_words	nobservations	iqr	corr_type_length	ncorrobservations	diff
acl	9.411464968152867	785	6.0
ccomp	3.98989898989899	198	3.0
conj	7.446469248291572	439	4.0
xcomp	5.773006134969325	163	4.0
advcl	6.652380952380953	210	6.0	1.2783317308263	168486.0	1.4354518590870704
parataxis	5.845238095238095	84	6.0
csubj	1.5	2	0.5	2.9058845888389864	299919.0	4.960279953455336
comp	4.795013850415512	361	4.0	5.063509777563598	78854.0	-0.4923590856847877
