clause_type	ave_clause_in_words	nobservations	iqr
simple	15.857204955444468	9202	9.0
main	13.348765432098766	5508	8.0
ccomp	10.758620689655173	29	4.0
conj	10.367179487179488	975	6.0
parataxis	10.3	10	9.25
acl	8.314562252529697	2273	6.0
advcl	7.441391941391942	2184	5.0
xcomp	6.5675675675675675	37	4.0
