clause_type	ave_clause_in_words	nobservations	iqr	corr_type_length	ncorrobservations	diff
advcl	13.673076923076923	2184	8.0	1.2051471327817735	586579.0	0.9789808995857712
acl	13.064232292124945	2273	9.0
conj	13.580512820512821	975	8.0
xcomp	11.378378378378379	37	6.0
ccomp	7.0	29	8.0
parataxis	10.3	10	4.5
comp	9.454545454545455	66	7.0	4.734018701086433	1889302.0	1.6686407998125805
