clause_type	ave_clause_in_words	nobservations	iqr
simple	11.812765957446809	470	8.0
csubj	10.564102564102564	39	6.0
ccomp	9.86046511627907	86	3.75
acl	9.695121951219512	82	7.0
conj	9.383886255924171	211	6.0
main	9.008665511265164	577	6.0
advcl	8.149425287356323	87	5.0
parataxis	7.7368421052631575	38	5.0
xcomp	7.323529411764706	34	5.5
