clause_type	ave_clause_in_words	nobservations	iqr	corr_type_length	ncorrobservations	diff
conj	9.469194312796208	211	5.5
ccomp	6.872093023255814	86	4.0
acl	11.597560975609756	82	8.0
xcomp	6.5	34	8.5
advcl	8.885057471264368	87	6.0	1.1456703782092574	21734.0	1.7820381079731842
parataxis	11.947368421052632	38	8.5
csubj	5.384615384615385	39	4.0	3.1247838482030192	21397.0	3.303366724628404
comp	6.766666666666667	120	5.0	2.674686192468619	9560.0	2.371413098311523
