clause_type	ave_clause_in_words	nobservations	iqr
simple	7.906943748956769	11982	5.0
ccomp	7.0962432915921285	2795	5.0
main	6.654607827849681	12826	4.0
conj	6.586805555555555	4320	4.0
csubj	6.076923076923077	13	4.0
acl	5.710570005534034	3614	3.0
advcl	5.653352353780313	1402	4.0
xcomp	5.065934065934066	182	5.0
parataxis	2.83	500	1.0
