clause_type	ave_clause_in_words	nobservations	iqr	corr_type_length	ncorrobservations	diff
acl	7.131433314886552	3614	5.0
conj	6.7340277777777775	4320	4.0
ccomp	5.394633273703041	2795	4.0
advcl	7.878031383737518	1402	4.75	1.1921411580570225	26750099.0	-1.1632287928377725
xcomp	6.873626373626373	182	6.0
parataxis	6.1	500	3.0
csubj	4.923076923076923	13	2.0	1.277964042952819	43083738.0	1.7059027829270264
comp	5.485052065838092	2977	4.0	1.8999483941183841	13337627.0	0.5219432890002924
