clause_type	ave_clause_in_words	nobservations	iqr
simple	11.431256181998021	2022	7.0
main	8.892561983471074	2057	6.0
ccomp	8.887096774193548	124	7.25
conj	7.734082397003745	267	4.5
advcl	7.242105263157895	380	5.0
parataxis	6.934426229508197	122	5.75
acl	6.372262773722627	959	5.0
xcomp	6.16580310880829	193	4.0
csubj	5.166666666666667	12	2.5
