clause_type	ave_clause_in_words	nobservations	iqr	corr_type_length	ncorrobservations	diff
acl	9.147028154327424	959	7.0
ccomp	7.048387096774194	124	5.0
advcl	8.805263157894737	380	6.0	1.0637104887517053	379702.0	1.5622825353515797
xcomp	8.005181347150259	193	6.0
parataxis	10.655737704918034	122	7.0
conj	9.0	267	5.0
csubj	4.333333333333333	12	3.5	1.887931795740445	747402.0	5.209991052924243
comp	7.630914826498422	317	5.0	4.778477943119371	298977.0	-0.9781365876197707
