clause_type	ave_clause_in_words	nobservations	iqr	corr_type_length	ncorrobservations	diff
parataxis	7.704918032786885	183	7.0
advcl	9.869565217391305	230	7.0	1.3636266299998874	177454.0	1.1900118441051823
acl	12.416826003824092	523	11.0
ccomp	6.293413173652695	167	5.0
conj	10.429268292682927	205	6.0
csubj	4.912133891213389	239	4.0	2.95209829794352	825002.0	4.558971502339465
xcomp	52.5	2	31.5
comp	6.840236686390533	169	5.0	3.1812105845738863	450807.0	2.401756420531955
