clause_type	ave_clause_in_words	nobservations	iqr
simple	12.423203691496374	1517	11.0
ccomp	11.269461077844312	167	7.0
conj	10.078048780487805	205	5.0
main	9.45255003227889	1549	9.0
advcl	9.039130434782608	230	5.0
csubj	9.03765690376569	239	7.5
xcomp	8.0	2	6.0
acl	7.573613766730402	523	6.0
parataxis	7.48087431693989	183	6.5
