clause_type	ave_clause_in_words	nobservations	iqr
simple	10.254638694638695	10725	8.0
ccomp	10.14561855670103	776	8.0
main	10.053869803502206	7481	8.0
conj	8.199621570482497	1057	5.0
csubj	8.017391304347827	115	7.0
advcl	7.7842003853564545	1557	6.0
acl	7.67875470407116	2923	6.0
xcomp	7.41747572815534	309	6.0
parataxis	5.56989247311828	744	4.0
