clause_type	ave_clause_in_words	nobservations	iqr	corr_type_length	ncorrobservations	diff
conj	9.121097445600757	1057	7.0
acl	11.91344509066028	2923	9.0
parataxis	8.436827956989248	744	6.0
ccomp	5.694587628865979	776	6.0
xcomp	7.527508090614886	309	6.0
advcl	10.979447655748233	1557	8.0	1.1198454745361837	4272435.0	-1.8446544356457224
csubj	5.495652173913044	115	4.0	3.4763635858433095	5974193.0	1.2826229348823421
comp	6.216589861751152	1085	5.0	4.8639028812791	2832492.0	-0.8258540483915571
