clause_type	ave_clause_in_words	nobservations	iqr
simple	10.52223154362416	2384	8.0
ccomp	10.39655172413793	58	6.0
main	9.441910499139414	2324	8.0
csubj	8.355555555555556	45	4.0
advcl	7.9897645854657116	977	7.0
acl	7.185691318327974	1244	5.0
