clause_type	ave_clause_in_words	nobservations	iqr	corr_type_length	ncorrobservations	diff
acl	9.894694533762058	1244	9.0
advcl	9.38792221084954	977	7.0	1.2142490430083315	111025.0	-0.07993971023371138
ccomp	3.206896551724138	58	2.0
csubj	6.133333333333334	45	5.0	4.0452529073521255	263298.0	0.3436453029387021
xcomp	NaN	0	NaN
comp	3.206896551724138	58	2.0	4.254366680518506	149198.0	3.060968311381517
