clause_type	ave_clause_in_words	nobservations	iqr	corr_type_length	ncorrobservations	diff
advcl	4.035714285714286	112	2.0	1.0722412858948889	5537.0	0.5340197370328008
acl	5.1558441558441555	77	3.0
ccomp	2.65625	32	1.0
csubj	3.107142857142857	28	3.0	1.9823928722952906	18856.0	0.5524395792038277
parataxis	3.6785714285714284	28	2.25
conj	5.642857142857143	14	4.5
xcomp	NaN	0	NaN
comp	2.65625	32	1.0	2.124102870813397	6688.0	0.8616224378285784
