clause_type	ave_clause_in_words	nobservations	iqr
simple	5.6419753086419755	486	3.0
conj	5.0	14	3.0
main	4.134020618556701	291	3.0
ccomp	3.90625	32	2.0
advcl	3.669642857142857	112	3.0
csubj	3.5714285714285716	28	2.25
parataxis	3.4285714285714284	28	3.0
acl	2.8181818181818183	77	3.0
