clause_type	ave_clause_in_words	nobservations	iqr
conj	5.625	8	3.5
simple	4.6422018348623855	981	3.0
advcl	3.449438202247191	89	3.0
acl	3.1451612903225805	62	2.0
csubj	3.097560975609756	41	2.0
ccomp	2.961904761904762	105	2.0
parataxis	2.9166666666666665	36	3.0
main	2.7	380	2.0
xcomp	2.230769230769231	39	2.0
