clause_type	ave_clause_in_words	nobservations	iqr	corr_type_length	ncorrobservations	diff
ccomp	1.7904761904761906	105	1.0
advcl	2.8202247191011236	89	3.0	1.1027515161145096	37761.0	0.7192255996467525
csubj	1.951219512195122	41	1.0	2.072099195816662	75729.0	0.6188831268506014
acl	4.129032258064516	62	2.0
xcomp	1.8974358974358974	39	2.0
parataxis	3.611111111111111	36	4.0
conj	5.875	8	4.25
comp	1.8194444444444444	144	2.0	2.0961417487942966	28614.0	0.7266156416236447
