clause_type	ave_clause_in_words	nobservations	iqr	corr_type_length	ncorrobservations	diff
conj	4.6455696202531644	79	3.0
xcomp	4.46875	32	2.0
parataxis	4.387096774193548	31	3.5
advcl	4.636363636363637	55	2.0	1.0571359301761758	12374.0	-0.11378942161227634
acl	7.5675675675675675	37	4.0
csubj	3.5714285714285716	7	2.0	1.4614297253634896	9904.0	0.5468518481354749
ccomp	3.875	16	2.0
comp	4.270833333333333	48	2.0	1.652836879432624	2820.0	-0.34396006783842115
