clause_type	ave_clause_in_words	nobservations	iqr
simple	5.579710144927536	345	3.0
ccomp	5.125	16	3.25
main	4.933852140077821	257	3.0
conj	4.0	79	3.0
acl	3.891891891891892	37	3.0
parataxis	3.2580645161290325	31	3.0
advcl	3.2545454545454544	55	3.0
xcomp	2.6875	32	1.25
csubj	2.142857142857143	7	0.5
