clause_type	ave_clause_in_words	nobservations	iqr
simple	6.0109786106378955	5283	4.0
main	5.284864591242723	7902	4.0
conj	4.1482587064676615	1005	3.0
ccomp	3.9296246648793565	1492	3.0
acl	3.3047619047619046	2520	2.0
advcl	2.9419610670511895	2774	3.0
csubj	2.135135135135135	111	2.0
