clause_type	ave_clause_in_words	nobservations	iqr	corr_type_length	ncorrobservations	diff
advcl	5.379956741167988	2774	4.0	1.3108778748698584	3902481.0	-0.6798560053999516
conj	4.267661691542289	1005	4.0
acl	5.965079365079365	2520	5.0
ccomp	4.661528150134048	1492	3.0
csubj	5.054054054054054	111	3.0	2.0870062054932985	3433893.0	-1.1300816489094574
xcomp	NaN	0	NaN
comp	4.661528150134048	1492	3.0	2.2512115125353964	2976651.0	-0.9017610520315493
