clause_type	ave_clause_in_words	nobservations	iqr	corr_type_length	ncorrobservations	diff
ccomp	4.078947368421052	38	2.0
parataxis	2.206896551724138	29	2.0
conj	6.253012048192771	83	3.0
advcl	6.333333333333333	18	3.0	1.1362250084717045	2951.0	2.1730748870350878
acl	7.863636363636363	22	5.0
xcomp	NaN	0	NaN
comp	4.078947368421052	38	2.0	1.98805256869773	2511.0	3.575633291721344
