clause_type	ave_clause_in_words	nobservations	iqr
simple	9.642633228840126	319	3.0
advcl	6.388888888888889	18	2.0
parataxis	5.931034482758621	29	4.0
ccomp	5.7105263157894735	38	3.0
conj	5.506024096385542	83	3.0
main	5.394736842105263	190	4.0
acl	4.454545454545454	22	3.75
