clause_type	ave_clause_in_words	nobservations	iqr	corr_type_length	ncorrobservations	diff
conj	6.297105729474306	1693	4.0
advcl	6.065780875626225	4591	3.0	1.1796690940773857	17690043.0	-1.7833471200475346
acl	8.324290998766955	3244	4.0
csubj	3.707759245830312	1379	3.0	1.8359315154802613	23462879.0	-0.08158791165449752
ccomp	2.930306905370844	1564	2.0
xcomp	4.091876208897485	1034	3.0
parataxis	4.619718309859155	142	4.0
comp	3.392609699769053	2598	2.0	1.9206721504892765	11751535.0	0.1488209993977465
