clause_type	ave_clause_in_words	nobservations	iqr
csubj	5.929659173313996	1379	3.0
main	5.869128746244596	13647	4.0
simple	5.462102849656076	15265	4.0
xcomp	5.353965183752417	1034	3.0
ccomp	5.187979539641944	1564	4.0
conj	4.0838747784997045	1693	3.0
advcl	4.008277063820518	4591	3.0
acl	3.8409371146732427	3244	2.0
parataxis	3.6690140845070425	142	3.75
