clause_type	ave_clause_in_words	nobservations	iqr	corr_type_length	ncorrobservations	diff
ccomp	3.798449612403101	516	3.0
advcl	6.39375	640	4.0	1.1383167642071286	1123978.0	-1.0402746985436533
conj	5.864095500459137	1089	3.0
acl	7.255088195386703	737	4.0
xcomp	4.355721393034826	402	3.0
parataxis	6.192139737991266	229	7.0
csubj	3.074074074074074	162	2.0	1.946920026587763	2155879.0	1.4707979650016378
comp	4.042483660130719	918	3.0	2.182172431986053	697504.0	0.2671359735467025
