clause_type	ave_clause_in_words	nobservations	iqr
simple	6.491792065663475	4386	5.0
ccomp	6.2810077519379846	516	4.0
acl	6.23202170963365	737	4.0
csubj	6.1419753086419755	162	4.0
advcl	5.85625	640	3.0
main	5.682649006622516	3775	4.0
conj	5.39485766758494	1089	4.0
parataxis	3.7248908296943233	229	3.0
xcomp	3.656716417910448	402	3.0
