clause_type	ave_clause_in_words	nobservations	iqr	corr_type_length	ncorrobservations	diff
advcl	5.782608695652174	115	4.0	1.2414953003482991	41918.0	-0.39322341698961694
csubj	4.891891891891892	37	4.0	2.583260329110927	42235.0	-0.8442716419919627
xcomp	3.0365853658536586	82	3.0
conj	6.446969696969697	132	6.0
acl	7.880208333333333	192	5.0
ccomp	2.466666666666667	30	2.75
parataxis	5.7894736842105265	57	4.0
comp	2.8839285714285716	112	3.0	3.3255652730375425	18752.0	0.4213867345447424
