clause_type	ave_clause_in_words	nobservations	iqr
ccomp	6.666666666666667	30	4.75
simple	6.6308805790108565	829	6.0
main	5.989147286821705	645	5.0
conj	5.212121212121212	132	4.0
advcl	5.008695652173913	115	3.5
xcomp	4.865853658536586	82	3.0
csubj	4.162162162162162	37	6.0
acl	3.4583333333333335	192	4.0
parataxis	2.0526315789473686	57	1.0
