clause_type	ave_clause_in_words	nobservations	iqr
ccomp	8.15	40	6.0
simple	7.323741007194244	417	7.0
advcl	7.166666666666667	54	4.0
acl	6.860215053763441	93	5.0
main	6.775510204081633	343	6.0
conj	6.0	53	5.0
xcomp	4.987012987012987	77	4.0
parataxis	2.8846153846153846	26	2.0
