clause_type	ave_clause_in_words	nobservations	iqr	corr_type_length	ncorrobservations	diff
xcomp	4.3896103896103895	77	4.0
acl	9.67741935483871	93	8.0
advcl	7.425925925925926	54	5.75	1.0695446014027463	10123.0	-1.171729520134428
ccomp	3.65	40	3.25
parataxis	6.730769230769231	26	6.5
conj	6.867924528301887	53	5.0
comp	4.136752136752137	117	3.0	4.847755463673952	6772.0	-1.6607665932318438
