clause_type	ave_clause_in_words	nobservations	iqr
conj	7.171428571428572	35	4.0
advcl	6.043478260869565	23	3.5
ccomp	5.384615384615385	39	2.0
simple	5.129554655870446	1976	2.0
main	4.862745098039215	204	4.0
parataxis	4.84375	32	3.0
acl	4.2631578947368425	57	2.0
csubj	3.388888888888889	18	2.0
