clause_type	ave_clause_in_words	nobservations	iqr	corr_type_length	ncorrobservations	diff
acl	5.456140350877193	57	4.0
csubj	2.5	18	1.75	1.3026458273592045	1293773.0	1.3269088285112414
conj	6.285714285714286	35	4.0
parataxis	5.09375	32	3.0
advcl	6.869565217391305	23	6.5	1.3177997229451768	190576.0	-3.0578102844660355
ccomp	2.4358974358974357	39	1.0
xcomp	NaN	0	NaN
comp	2.4358974358974357	39	1.0	1.7776036142475464	595864.0	0.9160536057254633
