clause_type	ave_clause_in_words	nobservations	iqr	corr_type_length	ncorrobservations	diff
advcl	4.345323741007194	278	2.0	1.0198831250192566	194738.0	-0.27127235180208054
ccomp	3.1777777777777776	90	2.0
parataxis	4.5	136	3.0
acl	5.343023255813954	172	2.0
conj	5.376923076923077	130	2.0
csubj	2.761904761904762	21	1.0	1.2163015726324364	510736.0	1.1157281796871716
xcomp	4.333333333333333	6	1.75
comp	3.25	96	2.0	1.4469781367497563	172344.0	0.39695637747461365
