clause_type	ave_clause_in_words	nobservations	iqr
simple	5.09393451422437	1863	2.0
main	4.571428571428571	833	3.0
ccomp	4.488888888888889	90	3.0
conj	3.976923076923077	130	3.0
advcl	3.9424460431654675	278	3.0
parataxis	3.6911764705882355	136	3.0
acl	3.686046511627907	172	3.0
csubj	3.238095238095238	21	2.0
xcomp	2.5	6	1.0
