clause_type	ave_clause_in_words	nobservations	iqr
ccomp	8.712676056338028	1065	5.0
csubj	7.571428571428571	595	4.0
advcl	7.516373801916933	2504	4.0
conj	7.42521859180856	2173	4.0
xcomp	7.232067510548523	474	5.0
simple	7.052310672972819	17549	7.0
main	6.98576512455516	11240	5.0
acl	6.46412622804406	3359	4.0
parataxis	3.2467289719626167	1070	2.0
