clause_type	ave_clause_in_words	nobservations	iqr	corr_type_length	ncorrobservations	diff
conj	7.125172572480442	2173	4.0
advcl	6.81150159744409	2504	5.0	1.185578099338874	18019109.0	-0.944769023810144
ccomp	4.066666666666666	1065	3.0
acl	8.507889252753795	3359	6.0
csubj	5.93781512605042	595	3.0	1.5792154375175151	26405800.0	-0.4647198905951164
xcomp	4.6835443037974684	474	3.0
parataxis	6.84018691588785	1070	5.0
comp	4.25666016894087	1539	3.0	2.8361287146121232	9367297.0	-0.04047821058017398
