clause_type	ave_clause_in_words	nobservations	iqr
ccomp	6.03578947368421	475	3.0
simple	5.94408579758434	9604	3.0
main	5.677715996578272	4676	4.0
advcl	5.263117870722433	1315	2.0
csubj	4.814516129032258	124	2.25
acl	4.763257575757576	1584	3.0
xcomp	3.1970443349753697	812	2.0
parataxis	2.494949494949495	198	1.0
conj	2.494047619047619	168	0.0
