clause_type	ave_clause_in_words	nobservations	iqr	corr_type_length	ncorrobservations	diff
advcl	4.743298969072165	970	3.0	1.0889610368053966	301233.0	-1.0203990651822652
ccomp	3.2394957983193278	238	2.0
xcomp	3.6885245901639343	122	2.0
conj	5.980645161290322	465	3.0
acl	5.686813186813187	182	3.0
csubj	4.166666666666667	6	2.5	1.4533843821540133	556069.0	-0.8081901081253839
parataxis	7.857142857142857	7	7.0
comp	3.3916666666666666	360	2.0	1.5487244204703245	268623.0	-0.1285301464416948
