clause_type	ave_clause_in_words	nobservations	iqr	corr_type_length	ncorrobservations	diff
acl	6.779671717171717	1584	4.0
ccomp	3.616842105263158	475	2.0
xcomp	3.8460591133004924	812	3.0
advcl	5.984030418250951	1315	3.0	1.0843652062675095	6677421.0	-1.1243098269341205
conj	7.589285714285714	168	5.0
parataxis	6.691919191919192	198	3.0
csubj	4.032258064516129	124	2.0	1.6048725240928592	4578120.0	0.306955208975352
comp	3.7614607614607616	1287	3.0	1.8139268983361154	4803338.0	0.3686981377874634
