clause_type	ave_clause_in_words	nobservations	iqr
simple	6.452084718396809	10529	4.0
main	6.160273637918397	4093	4.0
ccomp	4.462555066079295	227	3.0
acl	4.426020408163265	392	2.0
conj	4.184476940382452	889	3.0
advcl	3.625884732052578	1978	3.0
xcomp	3.5158878504672897	535	2.0
csubj	3.0	1	0.0
parataxis	2.9577464788732395	71	2.0
