clause_type	ave_clause_in_words	nobservations	iqr	corr_type_length	ncorrobservations	diff
parataxis	7.507042253521127	71	4.0
conj	7.748031496062992	889	4.0
ccomp	3.788546255506608	227	3.0
advcl	6.061678463094035	1978	3.0	1.1138255550181544	3523128.0	-0.7234192997153803
acl	7.489795918367347	392	5.0
xcomp	3.736448598130841	535	2.0
csubj	8.0	1	0.0	1.7119913522220451	6088963.0	-3.259906633825236
comp	3.751968503937008	762	2.0	2.0590558113537054	4429708.0	0.6410604031060956
