clause_type	ave_clause_in_words	nobservations	iqr
main	4.883417085427135	1990	3.0
csubj	4.833333333333333	6	3.75
simple	4.811860940695296	2445	3.0
ccomp	4.264705882352941	238	2.0
acl	3.489010989010989	182	3.0
conj	3.329032258064516	465	2.0
xcomp	3.0491803278688523	122	2.0
advcl	3.0010309278350515	970	3.0
parataxis	2.857142857142857	7	1.5
