clause_type	ave_clause_in_words	nobservations	iqr	corr_type_length	ncorrobservations	diff
advcl	7.5867132867132865	1430	6.0	1.2659117243829678	3005881.0	1.4857958870546124
acl	9.218645948945616	3604	5.0
ccomp	5.57461594732992	2734	5.0
conj	8.546576187538557	3242	6.0
csubj	3.25	104	1.25	2.1867472877975986	8458163.0	4.901673610353268
parataxis	3.871287128712871	101	4.0
xcomp	9.0	4	7.5
comp	5.579620160701242	2738	5.0	3.139336612878707	5348099.0	1.6194641245709178
