clause_type	ave_clause_in_words	nobservations	iqr
simple	10.338420898150867	13628	7.0
ccomp	9.89063643013899	2734	7.0
csubj	8.807692307692308	104	5.0
conj	7.833127698951265	3242	5.0
main	7.8248506997058564	11219	6.0
acl	7.671753607103219	3604	5.0
advcl	7.497202797202797	1430	4.0
xcomp	6.75	4	7.75
parataxis	3.396039603960396	101	3.0
