clause_type	ave_clause_in_words	nobservations	iqr	corr_type_length	ncorrobservations	diff
xcomp	3.079067410035479	1973	2.0
conj	4.649659863945578	2352	3.0
ccomp	3.025354213273676	1341	2.0
advcl	5.412550066755674	1498	4.0	1.0881972367120882	17264940.0	-0.39925759456635745
acl	7.64833520389076	2673	4.0
csubj	3.15	120	2.0	1.9992380974266573	20191558.0	0.9522516114747477
parataxis	5.180154142581888	1038	5.0
comp	3.0573325286662643	3314	2.0	2.300361959917335	10390377.0	0.7437952203178062
