clause_type	ave_clause_in_words	nobservations	iqr
csubj	6.841666666666667	120	4.0
ccomp	6.3765846383296045	1341	4.0
simple	6.101489708901405	18997	4.0
conj	5.197704081632653	2352	3.0
main	5.036380172805821	10995	4.0
advcl	4.855140186915888	1498	3.0
parataxis	4.2129094412331405	1038	4.0
acl	4.0579872802095025	2673	3.0
xcomp	3.9959452610238215	1973	3.0
