clause_type	ave_clause_in_words	nobservations	iqr
simple	12.199433174224344	6704	10.0
ccomp	10.817460317460318	630	6.0
main	10.062002371675419	5903	8.0
csubj	8.673469387755102	196	6.0
conj	8.476595744680852	940	6.0
advcl	8.26086956521739	874	5.0
xcomp	7.6036866359447	434	6.0
acl	7.490204251771572	2399	6.0
parataxis	5.618604651162791	430	6.0
