clause_type	ave_clause_in_words	nobservations	iqr	corr_type_length	ncorrobservations	diff
acl	12.810754481033763	2399	9.0
advcl	9.673913043478262	874	6.0	1.3521856973532673	1786089.0	1.1733344333928155
conj	10.001063829787235	940	7.0
xcomp	6.163594470046083	434	6.0
parataxis	9.095348837209302	430	11.0
ccomp	4.8841269841269845	630	5.0
csubj	5.836734693877551	196	4.0	2.84287384974395	3705914.0	3.5198246306028427
comp	5.406015037593985	1064	5.0	6.279550521778972	1695833.0	0.513867614851387
