clause_type	ave_clause_in_words	nobservations	iqr
simple	10.975520833333333	7680	8.0
csubj	8.941309255079007	443	6.0
ccomp	8.599186164801628	983	5.0
main	8.577821744865272	10614	6.0
conj	7.354538087520259	2468	4.0
acl	6.99750830564784	2408	5.0
advcl	6.796729721064444	3119	4.0
xcomp	6.2727272727272725	264	5.0
parataxis	4.4994617868676	929	5.0
