clause_type	ave_clause_in_words	nobservations	iqr	corr_type_length	ncorrobservations	diff
advcl	8.462648284706637	3119	5.0	1.250210721325271	6599949.0	1.2626618273014252
conj	8.000810372771475	2468	5.0
parataxis	10.152852529601722	929	12.0
ccomp	4.989827060020346	983	4.0
acl	11.045681063122924	2408	7.0
csubj	4.943566591422122	443	4.5	2.940981082654153	9107673.0	3.0909731592570573
xcomp	6.738636363636363	264	5.0
comp	5.360064153969527	1247	4.0	4.669848236115281	4103216.0	0.9456084432485241
