clause_type	ave_clause_in_words	nobservations	iqr
ccomp	8.351239669421487	1452	6.0
simple	7.233367591640973	29190	6.0
main	6.594209295140574	22657	6.0
acl	6.166278823778295	4727	4.0
advcl	6.079535299374442	2238	4.0
conj	6.032982791586998	4184	4.0
csubj	5.26657824933687	1508	4.0
xcomp	5.030552861299709	2062	5.0
parataxis	3.99645390070922	6486	4.0
