clause_type	ave_clause_in_words	nobservations	iqr	corr_type_length	ncorrobservations	diff
acl	8.459911148720119	4727	6.0
xcomp	4.7977691561590685	2062	3.0
conj	6.312858508604206	4184	4.0
advcl	7.05183199285076	2238	5.0	1.1513849083698182	62980340.0	-0.9698493095796055
parataxis	7.3367252543940795	6486	6.0
ccomp	3.3023415977961434	1452	2.0
csubj	3.279840848806366	1508	3.0	2.1390822004018686	77011278.0	1.8144445424327378
comp	4.179852020489471	3514	3.0	2.7010274542181567	18807456.0	0.3524881169333449
