clause_type	ave_clause_in_words	nobservations	iqr	corr_type_length	ncorrobservations	diff
parataxis	3.6842105263157894	19	2.0
advcl	4.172151898734177	395	2.0	1.0500598042831586	290113.0	-0.7677846196840026
ccomp	2.7714285714285714	140	2.0
acl	4.608879492600423	473	3.0
conj	4.883495145631068	103	2.0
xcomp	3.888888888888889	9	3.0
csubj	2.9130434782608696	23	1.5	1.4072880707774356	387016.0	0.13409553429502807
comp	2.838926174496644	149	2.0	1.4802030910820414	245998.0	0.13529781775464755
