clause_type	ave_clause_in_words	nobservations	iqr
ccomp	4.5	140	2.25
simple	4.454427083333333	2304	2.0
main	4.209122203098107	1162	2.0
parataxis	3.6842105263157894	19	2.0
advcl	3.1341772151898732	395	2.0
csubj	3.0869565217391304	23	1.0
acl	2.919661733615222	473	2.0
conj	2.8446601941747574	103	1.0
xcomp	2.2222222222222223	9	2.0
