clause_type	ave_clause_in_words	nobservations	iqr
ccomp	9.246753246753247	154	8.0
advcl	7.923728813559322	118	4.0
conj	7.522988505747127	174	5.0
acl	7.418994413407821	179	6.0
main	6.9500567536889895	881	5.0
simple	6.852980132450331	1510	6.0
csubj	5.178861788617886	123	3.0
xcomp	5.166666666666667	6	2.5
parataxis	4.228346456692913	127	2.0
