clause_type	ave_clause_in_words	nobservations	iqr	corr_type_length	ncorrobservations	diff
parataxis	6.21259842519685	127	5.0
acl	9.256983240223464	179	7.0
csubj	4.569105691056911	123	2.5	1.8308286438340848	429328.0	0.4530457975593354
conj	7.114942528735632	174	5.0
ccomp	5.909090909090909	154	4.0
advcl	7.966101694915254	118	5.0	1.2267268657218837	237656.0	-2.3398484281868077
xcomp	4.5	6	1.75
comp	5.85625	160	4.0	1.7440641856111918	162404.0	-0.747334053160861
