clause_type	ave_clause_in_words	nobservations	iqr
simple	11.702508960573477	1116	7.25
csubj	10.945945945945946	37	5.0
ccomp	9.871244635193133	233	5.0
main	9.568396226415095	1272	8.0
advcl	8.758928571428571	112	5.0
conj	7.582089552238806	134	5.0
acl	7.486552567237164	409	4.0
xcomp	6.7894736842105265	57	5.0
parataxis	4.058620689655172	290	3.0
