clause_type	ave_clause_in_words	nobservations	iqr	corr_type_length	ncorrobservations	diff
acl	11.17114914425428	409	7.0
ccomp	6.523605150214593	233	6.0
parataxis	11.658620689655173	290	8.0
advcl	9.419642857142858	112	6.0	1.0695180971013747	77692.0	1.2133480063292446
conj	8.746268656716419	134	4.0
xcomp	5.56140350877193	57	5.0
csubj	4.243243243243243	37	3.0	2.751057492286055	186999.0	4.708208225044179
comp	6.334482758620689	290	6.0	4.122213004251789	77144.0	1.2458131977009987
