clause_type	ave_clause_in_words	nobservations	iqr	corr_type_length	ncorrobservations	diff
acl	6.761099365750528	473	5.0
conj	4.931888544891641	969	3.0
advcl	4.81586402266289	353	3.0	1.0647382504037535	1423517.0	-0.035405657835184456
xcomp	3.2419354838709675	310	2.0
ccomp	2.669242658423493	647	1.0
parataxis	9.0	26	5.0
csubj	3.5172413793103448	87	2.0	1.6399116499902182	1691907.0	0.6880435859308953
comp	2.8547544409613375	957	1.0	2.1209902811615584	1020801.0	0.8694518931085629
