clause_type	ave_clause_in_words	nobservations	iqr
csubj	7.8320610687022905	131	5.0
acl	7.690121786197564	739	4.0
ccomp	7.6158357771261	341	5.0
simple	7.142163998059194	4122	7.0
conj	6.928571428571429	518	4.75
main	6.9104526212959945	3071	5.0
advcl	6.755154639175258	388	4.0
parataxis	6.130490956072351	774	5.0
xcomp	5.961111111111111	180	5.0
