clause_type	ave_clause_in_words	nobservations	iqr	corr_type_length	ncorrobservations	diff
csubj	3.427480916030534	131	2.0	2.024367137491914	828616.0	1.6903159445367457
xcomp	3.7888888888888888	180	2.0
acl	9.258457374830853	739	6.0
ccomp	4.328445747800586	341	4.0
advcl	6.912371134020619	388	5.0	1.0814667301554688	1440674.0	-0.8516738661168937
conj	6.812741312741313	518	5.0
parataxis	7.186046511627907	774	5.0
comp	4.142034548944338	521	3.0	2.3189625243688887	524234.0	0.681166924745968
