clause_type	ave_clause_in_words	nobservations	iqr
csubj	6.64367816091954	87	5.0
acl	6.084566596194503	473	3.0
simple	5.845196615231458	6027	5.0
advcl	5.7025495750708215	353	3.0
conj	5.661506707946336	969	3.0
parataxis	4.846153846153846	26	3.0
main	4.519720767888307	2865	3.0
ccomp	4.341576506955178	647	2.0
xcomp	3.8096774193548386	310	2.0
