clause_type	ave_clause_in_words	nobservations	iqr
simple	13.977802037845706	8244	10.0
ccomp	12.7543391188251	749	10.0
main	11.526875226476628	8279	9.0
parataxis	10.280442804428045	271	7.0
conj	10.05	1420	6.25
csubj	9.512396694214877	242	8.0
advcl	9.264440911499735	1887	7.0
acl	9.13162819713038	3206	7.0
xcomp	8.023809523809524	504	6.0
