clause_type	ave_clause_in_words	nobservations	iqr	corr_type_length	ncorrobservations	diff
acl	14.24142233312539	3206	10.0
advcl	11.29570747217806	1887	9.0	1.3390492898707707	3888588.0	1.3430452757968752
ccomp	5.93324432576769	749	6.0
xcomp	8.700396825396826	504	8.0
conj	10.806338028169014	1420	8.0
csubj	5.4958677685950414	242	4.0	3.381859092144981	6929124.0	5.100075177105683
parataxis	10.900369003690036	271	7.0
comp	7.046288906624103	1253	7.0	5.997788694056183	3620485.0	0.9337244371654201
