clause_type	ave_clause_in_words	nobservations	iqr
ccomp	8.379310344827585	319	6.0
simple	8.276690391459075	4496	6.0
csubj	7.585987261146497	157	5.0
conj	7.1503067484662575	652	5.0
main	7.09139332772638	3567	5.0
advcl	6.971639950678175	811	4.0
acl	6.488849241748439	1121	4.0
xcomp	5.283505154639175	194	4.0
parataxis	4.7699680511182105	313	4.0
