clause_type	ave_clause_in_words	nobservations	iqr	corr_type_length	ncorrobservations	diff
advcl	7.3575832305795315	811	4.0	1.1746985808972479	2192794.0	-0.2555914200177032
acl	8.384478144513826	1121	5.0
csubj	5.3949044585987265	157	2.0	1.7449558839613213	3300727.0	1.1368300488990277
conj	7.398773006134969	652	4.0
ccomp	4.153605015673981	319	3.0
parataxis	6.277955271565495	313	4.0
xcomp	4.989690721649485	194	3.0
comp	4.469785575048733	513	2.0	2.8301947437111346	976925.0	0.9767100726992073
