clause_type	ave_clause_in_words	nobservations	iqr	corr_type_length	ncorrobservations	diff
advcl	5.531746031746032	126	4.0	1.158328785398096	16491.0	-1.2994498171441276
acl	5.681818181818182	44	5.25
xcomp	2.8	15	1.0
csubj	3.2	5	1.0	1.3350195739488535	39338.0	0.8556054260511461
ccomp	4.849056603773585	53	3.0
conj	5.0	1	0.0
comp	4.397058823529412	68	4.0	1.5378941670050075	14778.0	-0.5443279905344198
