clause_type	ave_clause_in_words	nobservations	iqr
csubj	9.0	5	3.0
ccomp	8.79245283018868	53	3.0
xcomp	7.866666666666666	15	5.0
simple	5.390625	704	3.0
main	5.192622950819672	244	5.0
advcl	4.317460317460317	126	3.75
acl	3.5681818181818183	44	3.25
conj	3.0	1	0.0
