clause_type	ave_clause_in_words	nobservations	iqr
simple	10.82857142857143	70	6.5
ccomp	9.3	20	5.0
main	9.166666666666666	162	7.0
conj	8.941176470588236	17	4.0
advcl	8.933333333333334	15	4.0
xcomp	6.1	20	5.0
acl	3.897727272727273	88	3.0
csubj	2.5	2	0.5
