clause_type	ave_clause_in_words	nobservations	iqr	corr_type_length	ncorrobservations	diff
acl	10.590909090909092	88	7.0
xcomp	7.65	20	7.5
conj	9.0	17	5.0
ccomp	4.9	20	3.0
advcl	8.733333333333333	15	8.5	1.0453008789722786	1479.0	1.0499372162658176
csubj	9.0	2	4.0	1.922337278106509	2704.0	-0.09376584953507994
comp	6.275	40	4.25	4.557251908396947	1703.0	-0.0036804798255190008
