clause_type	ave_clause_in_words	nobservations	iqr
ccomp	4.747922437673131	2166	3.0
simple	4.72438830316292	40216	3.0
main	4.379915012640525	18591	4.0
csubj	4.227769110764431	641	3.0
xcomp	4.019047619047619	105	3.0
conj	3.960164271047228	2435	3.0
advcl	3.555512271133619	5134	2.0
acl	3.3494400663625052	4822	2.0
parataxis	3.2445255474452557	3288	2.0
