clause_type	ave_clause_in_words	nobservations	iqr	corr_type_length	ncorrobservations	diff
advcl	6.5	120	4.0	1.0994805968174148	60454.0	0.2709647473121395
conj	6.883720930232558	172	5.0
parataxis	6.375	200	4.0
xcomp	5.433333333333334	30	5.75
csubj	6.0	12	3.25	1.6225783057637186	28957.0	0.24786703836583523
ccomp	3.76056338028169	71	3.0
acl	6.317073170731708	41	3.0
comp	4.257425742574258	101	4.0	1.8001468608493452	16342.0	1.8128727407059513
