clause_type	ave_clause_in_words	nobservations	iqr	corr_type_length	ncorrobservations	diff
csubj	3.209048361934477	641	3.0	1.7262762507707656	96811205.0	-0.21093630954232268
acl	6.083367897138117	4822	4.0
conj	4.4119096509240245	2435	4.0
advcl	4.332489287105571	5134	4.0	1.1810781940674608	61353964.0	-0.7891791780101123
ccomp	2.912280701754386	2166	3.0
parataxis	3.167579075425791	3288	2.0
xcomp	3.1142857142857143	105	3.0
comp	2.9216204315279612	2271	3.0	1.9793388202881903	37338865.0	-0.17657094865323142
