clause_type	ave_clause_in_words	nobservations	iqr
simple	7.870445344129554	494	5.0
ccomp	6.28169014084507	71	3.5
main	6.191950464396285	646	4.0
conj	5.744186046511628	172	3.0
advcl	5.483333333333333	120	3.0
parataxis	4.6	200	4.0
acl	4.341463414634147	41	3.0
xcomp	3.466666666666667	30	2.0
csubj	3.25	12	2.5
