clause_type	ave_clause_in_words	nobservations	iqr	corr_type_length	ncorrobservations	diff
conj	6.2565320665083135	421	4.0
parataxis	7.455056179775281	356	6.0
xcomp	4.215116279069767	172	3.0
csubj	2.9918032786885247	122	2.0	2.074487909419523	543605.0	2.7264529261335575
acl	10.179487179487179	390	6.0
advcl	7.311188811188811	286	5.0	1.2152700576822233	333725.0	-0.7337147546294283
ccomp	3.0973451327433628	113	3.0
comp	3.7719298245614037	285	2.0	2.8464005702067	255346.0	1.1744137194735016
