clause_type	ave_clause_in_words	nobservations	iqr
ccomp	8.654867256637168	113	6.0
simple	7.792744114241605	2591	6.0
acl	7.035897435897436	390	5.0
csubj	6.975409836065574	122	5.0
main	6.875806451612903	1860	5.0
conj	6.118764845605701	421	3.0
xcomp	5.569767441860465	172	4.0
advcl	5.524475524475524	286	4.0
parataxis	4.497191011235955	356	4.0
