clause_type	ave_clause_in_words	nobservations	iqr
simple	10.488448844884488	303	6.0
advcl	7.85	20	7.25
main	7.345679012345679	162	4.0
conj	6.8478260869565215	46	4.0
acl	6.814814814814815	54	4.5
xcomp	6.083333333333333	24	3.5
parataxis	5.142857142857143	14	3.5
csubj	5.0	3	1.5
ccomp	4.0	1	0.0
