clause_type	ave_clause_in_words	nobservations	iqr	corr_type_length	ncorrobservations	diff
acl	7.2407407407407405	54	3.75
xcomp	4.833333333333333	24	4.0
conj	8.08695652173913	46	3.75
advcl	6.55	20	5.25	1.03003003003003	2997.0	2.908418814854458
parataxis	11.214285714285714	14	4.5
csubj	6.0	3	3.0	2.699625955439909	6149.0	1.7888228894445781
ccomp	5.0	1	0.0
comp	4.84	25	4.0	3.670787247885491	1537.0	1.9776615969989972
