clause_type	ave_clause_in_words	nobservations	iqr
simple	18.040797824116048	2206	10.0
main	14.940024479804162	1634	10.0
conj	12.126849894291755	473	7.0
acl	10.473591549295774	568	7.25
advcl	9.548986486486486	592	6.0
xcomp	3.0	1	0.0
