clause_type	ave_clause_in_words	nobservations	iqr	corr_type_length	ncorrobservations	diff
acl	14.07394366197183	568	8.25
advcl	15.050675675675675	592	10.0	2.258987312030075	51072.0	0.7311348364102983
conj	15.864693446088795	473	8.0
xcomp	4.0	1	0.0
ccomp	NaN	0	NaN
comp	4.0	1	0.0	5.372983279554122	129542.0	8.667814544561926
