clause_type	ave_clause_in_words	nobservations	iqr
simple	6.5476660092044705	1521	4.0
csubj	5.608695652173913	23	3.0
main	5.516923076923077	975	4.0
parataxis	5.083333333333333	120	4.0
conj	4.807228915662651	83	3.0
ccomp	4.2405063291139244	79	3.0
acl	3.4722222222222223	252	2.0
advcl	3.4663461538461537	416	2.0
xcomp	1.0	2	0.0
