clause_type	ave_clause_in_words	nobservations	iqr	corr_type_length	ncorrobservations	diff
acl	6.650793650793651	252	4.0
parataxis	5.083333333333333	120	3.0
advcl	5.3485576923076925	416	4.0	1.4661370279755523	109131.0	-0.26702871107877435
csubj	3.1739130434782608	23	4.5	1.8358852290272774	202072.0	1.5378677366989324
ccomp	3.1139240506329116	79	2.0
conj	6.349397590361446	83	4.0
xcomp	11.0	2	3.0
comp	3.308641975308642	81	2.0	2.0342317096623534	109197.0	1.204792324233475
