clause_type	ave_clause_in_words	nobservations	iqr	corr_type_length	ncorrobservations	diff
xcomp	6.072368421052632	152	5.0
parataxis	4.875	24	3.0
advcl	6.608695652173913	23	5.0	1.108695652173913	46.0	-1.714123330491617
ccomp	4.414634146341464	41	3.0
conj	5.0	22	4.0
csubj	6.5	6	0.75	1.5837676124300328	10362.0	-2.0804996385738246
comp	5.72020725388601	193	5.0	2.995697074010327	6972.0	-2.7126363540401286
