clause_type	ave_clause_in_words	nobservations	iqr
simple	6.003267973856209	306	3.0
main	5.67910447761194	268	5.0
csubj	4.333333333333333	6	0.75
parataxis	4.125	24	3.0
ccomp	3.951219512195122	41	3.0
conj	3.8181818181818183	22	2.0
advcl	3.5217391304347827	23	2.5
xcomp	2.210526315789474	152	2.0
