clause_type	ave_clause_in_words	nobservations	iqr	corr_type_length	ncorrobservations	diff
conj	8.516666666666667	60	4.0
acl	8.34934497816594	229	8.0
parataxis	7.090909090909091	11	3.5
ccomp	5.504587155963303	109	3.0
advcl	8.798245614035087	114	8.0	1.1258439716312056	52875.0	-0.5554945443439792
csubj	7.666666666666667	9	5.0	2.179781991936688	87061.0	-0.4778536172810419
xcomp	NaN	0	NaN
comp	5.504587155963303	109	3.0	2.7767320833637315	41121.0	1.087275801995279
