clause_type	ave_clause_in_words	nobservations	iqr
csubj	11.444444444444445	9	4.0
conj	10.85	60	5.0
parataxis	10.454545454545455	11	4.0
ccomp	9.440366972477063	109	7.0
simple	9.368595041322314	605	7.0
main	7.843984962406015	532	7.0
acl	7.288209606986899	229	4.0
advcl	6.543859649122807	114	4.0
