clause_type	ave_clause_in_words	nobservations	iqr	corr_type_length	ncorrobservations	diff
xcomp	5.285714285714286	21	3.0
parataxis	6.34375	64	4.0
acl	7.770833333333333	96	5.0
conj	6.315315315315315	111	4.0
advcl	6.888888888888889	45	4.0	1.1250380981408108	13124.0	-1.2734080249538522
csubj	4.315789473684211	19	1.0	1.9100915690088722	21077.0	0.514637919382765
ccomp	3.9642857142857144	28	3.0
comp	4.530612244897959	49	4.0	1.9932675044883303	8912.0	0.2166392126895582
