clause_type	ave_clause_in_words	nobservations	iqr
ccomp	7.785714285714286	28	4.5
csubj	7.105263157894737	19	5.0
simple	6.740518962075848	501	5.0
main	6.424479166666667	384	4.0
advcl	6.333333333333333	45	5.0
conj	6.162162162162162	111	4.0
acl	5.697916666666667	96	5.0
xcomp	3.1904761904761907	21	3.0
parataxis	3.03125	64	2.0
