clause_type	ave_clause_in_words	nobservations	iqr	corr_type_length	ncorrobservations	diff
acl	7.243654822335025	197	5.0
advcl	6.0	47	4.0	1.1632071632071632	12285.0	0.3045347722767078
parataxis	4.9	40	3.25
conj	5.774193548387097	31	4.0
xcomp	5.045454545454546	44	2.25
ccomp	3.566666666666667	30	2.0
csubj	5.0	1	0.0	1.3805876127601673	19843.0	1.0871543227237037
comp	4.445945945945946	74	2.0	1.8464029768467476	14512.0	1.1753930126911776
