clause_type	ave_clause_in_words	nobservations	iqr
simple	7.467741935483871	310	4.0
ccomp	6.766666666666667	30	4.0
main	6.2	390	4.0
csubj	6.0	1	0.0
advcl	5.48936170212766	47	3.0
conj	5.258064516129032	31	3.0
parataxis	5.05	40	3.0
acl	4.01015228426396	197	3.0
xcomp	3.659090909090909	44	3.0
