u1	u2	nobservations	iqr
1	7.505050505050505	99	10.0
2	4.735294117647059	340	5.5
3	3.844703272323906	601	3.666666666666666
4	3.6197240259740258	616	2.75
5	3.587383177570096	428	2.5999999999999996
6	3.224806201550387	215	2.0000000000000004
7	3.304664723032069	98	2.107142857142857
8	3.0611702127659575	47	1.6875
9	2.9027777777777777	8	0.8611111111111112
10	2.623076923076923	13	0.8000000000000003
13	3.269230769230769	2	0.038461538461538325
16	3.625	1	0.0
