u1	u2	nobservations	iqr
1	16.1012084592145	662	10.0
2	11.36501079913607	463	6.0
3	9.443868739205529	193	3.666666666666667
4	8.779166666666667	60	4.0625
5	8.414285714285715	14	4.6999999999999975
6	9.433333333333334	5	2.333333333333332
7	6.142857142857143	2	3.142857142857144
