u1	u2	nobservations	iqr
1	4.412386706948641	662	2.0
2	3.91036717062635	463	1.5
3	3.5457685664939533	193	1.0
4	3.4	60	1.0625
5	3.3000000000000003	14	1.2999999999999998
6	3.4666666666666672	5	0.0
7	2.571428571428571	2	0.8571428571428568
