u1	u2	nobservations	iqr
1	2.3434823977164605	1051	2.0
2	2.0558558558558557	555	1.0
3	1.871895424836601	255	1.0000000000000002
4	1.9344262295081966	61	1.0
5	2.271428571428572	28	1.4000000000000001
6	2.013888888888889	12	0.6666666666666667
7	2.0659340659340657	13	0.7142857142857142
8	3.5	2	1.75
9	2.3492063492063493	7	1.1111111111111114
11	4.590909090909091	4	0.8181818181818183
