u1	u2	nobservations	iqr
1	8.319695528068506	1051	6.0
2	5.428828828828829	555	3.0
3	4.705882352941177	255	3.3333333333333335
4	4.889344262295082	61	3.0
5	6.1571428571428575	28	3.7499999999999996
6	4.486111111111112	12	0.958333333333333
7	5.1208791208791204	13	1.7142857142857144
8	8.8125	2	5.4375
9	9.063492063492063	7	5.166666666666667
11	10.363636363636363	4	1.3636363636363633
