u1	u2	nobservations	iqr
1	4.287128712871287	404	2.0
2	3.9485559566787005	554	1.0
3	3.5913705583756315	394	1.333333333333333
4	3.485294117647059	221	1.0
5	3.4718750000000007	64	1.0
6	3.357142857142858	28	0.3333333333333335
7	3.5194805194805197	11	0.5
9	3.2222222222222223	1	0.0
