u1	u2	nobservations	iqr
1	2.391566265060241	166	2.0
2	2.008771929824561	399	1.5
3	1.8216062544420757	469	1.0000000000000002
4	1.668956043956044	364	0.75
5	1.556179775280898	178	0.6000000000000001
6	1.3879310344827585	58	0.33333333333333326
7	1.2571428571428571	15	0.4285714285714286
8	1.125	1	0.0
9	1.2222222222222223	3	0.16666666666666652
