u1	u2	nobservations	iqr
1	3.199044585987261	628	2.0
2	2.2404458598726116	314	0.875
3	1.777777777777778	111	0.5
4	1.7352941176470589	17	0.75
5	1.2999999999999998	4	0.19999999999999996
