u1	u2	nobservations	iqr
1	3.227707006369427	628	2.0
2	3.200636942675159	314	1.5
3	2.8738738738738734	111	1.0
4	2.5441176470588234	17	0.75
5	1.9000000000000001	4	1.5000000000000004
