u1	u2	nobservations	iqr
1	1.648699891657638	3692	1.0
2	2.332469775474957	579	0.5
3	1.9392446633825935	406	0.6666666666666667
4	2.0636363636363635	165	0.5
5	1.9545454545454546	132	0.6000000000000001
6	1.909420289855073	92	0.4999999999999998
7	1.9306722689075624	68	0.4285714285714286
8	2.003125	40	0.53125
9	2.0277777777777777	16	0.25
10	1.8399999999999999	10	0.3749999999999998
11	1.8181818181818183	5	0.2727272727272727
