u1	u2	nobservations	iqr
1	17.692047377326563	2364	23.0
2	6.972952086553323	2588	6.5
3	5.067393058918505	2478	4.333333333333334
4	4.416224286662243	1507	3.25
5	4.100000000000002	710	2.8000000000000003
6	4.023168908819134	223	2.5000000000000004
7	3.41614906832298	92	1.6071428571428572
8	3.8080357142857144	28	1.4375
9	5.333333333333334	2	1.1111111111111107
10	3.45	2	0.050000000000000266
11	2.727272727272727	1	0.0
