u1	u2	nobservations	iqr
1	2.812039312039312	1628	2.0
2	2.787255563047876	1483	2.5
3	2.7206751054852365	1580	2.333333333333333
4	2.675055514433753	1351	2.0
5	2.7877984084880687	754	1.5999999999999999
6	2.62901234567901	270	1.3333333333333333
7	2.60455486542443	69	1.2857142857142856
8	2.44375	20	1.28125
9	2.6031746031746033	7	1.1111111111111112
11	2.2727272727272725	2	0.18181818181818166
13	3.1538461538461537	1	0.0
