u1	u2	nobservations	iqr
1	2.4635747564591273	4722	2.0
2	3.2817120622568092	1285	2.0
3	3.104533333333336	625	1.333333333333333
4	3.017769607843137	408	1.25
5	2.9406392694063923	219	1.0
6	3.0041322314049577	121	1.0
7	2.954887218045113	38	1.1428571428571428
8	2.8221153846153846	26	0.71875
9	3.0222222222222226	5	0.8888888888888888
10	3.15	2	0.6499999999999995
11	2.6818181818181817	2	0.22727272727272707
