u1	u2	nobservations	iqr
1	1.4794520547945205	292	1.0
2	2.141990291262136	824	1.0
3	1.7262411347517737	705	0.6666666666666667
4	1.6612903225806452	527	0.75
5	1.6225806451612892	186	0.6000000000000001
6	1.5315315315315317	37	0.5
7	1.5204081632653057	14	0.6785714285714286
8	1.7	5	0.75
