u1	u2	nobservations	iqr
1	7.139495798319328	2975	4.0
2	5.25705683101242	2657	2.5
3	4.439627870150438	1684	1.9999999999999996
4	3.996344206974128	889	1.5
5	3.7174311926605497	327	1.2000000000000002
6	3.650427350427351	195	1.333333333333333
7	3.30989010989011	65	1.0
8	3.3676470588235294	17	0.75
9	3.0	4	0.2777777777777781
10	3.8	1	0.0
11	3.4545454545454546	1	0.0
