u1	u2	nobservations	iqr
1	2.4997272231314787	3666	2.0
2	2.479753340184995	4865	1.5
3	2.402481098142839	4541	1.6666666666666667
4	2.2831632653061225	3626	1.25
5	2.2675213675213657	1872	1.1999999999999997
6	2.2532321528948827	593	0.9999999999999998
7	2.1846938775510214	140	0.8571428571428574
8	1.8522727272727273	11	0.25
9	1.6666666666666667	1	0.0
