u1	u2	nobservations	iqr
1	3.303529411764706	2975	2.0
2	2.876928867143395	2657	1.5
3	2.6381631037212956	1684	1.0
4	2.5067491563554554	889	1.0
5	2.438532110091744	327	0.7999999999999998
6	2.3145299145299143	195	0.6666666666666665
7	2.279120879120879	65	0.5714285714285716
8	2.2205882352941178	17	0.375
9	2.2222222222222223	4	0.05555555555555536
10	2.4	1	0.0
11	2.0	1	0.0
