u1	u2	nobservations	iqr
1	3.597315436241611	7599	3.0
2	3.2120856418443045	10649	2.5
3	2.93524922489863	8386	1.9999999999999998
4	2.8412490650710547	4011	1.75
5	2.7596541786743525	1388	1.5999999999999999
6	2.617333333333333	375	1.3333333333333333
7	2.6482142857142863	80	1.3214285714285714
8	2.4732142857142856	14	1.375
9	3.111111111111111	4	1.5
10	2.1	2	0.5
14	2.0	1	0.0
