u1	u2	nobservations	iqr
1	6.991886409736308	493	5.0
2	5.285340314136126	191	3.0
3	5.3081761006289305	53	2.333333333333333
4	5.392857142857143	14	1.25
5	4.166666666666667	6	0.9500000000000006
6	3.3333333333333335	1	0.0
7	4.0	1	0.0
