u1	u2	nobservations	iqr
1	3.3529411764705883	493	2.0
2	2.7853403141361257	191	1.5
3	2.7798742138364783	53	0.6666666666666665
4	3.017857142857143	14	0.75
5	2.2333333333333334	6	0.5499999999999996
6	2.1666666666666665	1	0.0
7	2.5714285714285716	1	0.0
