u1	u2	nobservations	iqr
1	2.7777777777777777	144	3.0
2	2.2663934426229506	244	2.0
3	2.079532163742688	285	1.3333333333333333
4	2.1913043478260867	230	1.25
5	2.172413793103448	116	1.0
6	2.0816326530612255	49	0.8333333333333333
7	1.8839285714285712	16	0.8928571428571428
8	1.6666666666666667	3	0.5
9	1.1111111111111112	1	0.0
