u1	u2	nobservations	iqr
1	3.833039388594944	1701	4.0
2	3.837676056338028	5680	4.0
3	3.049744232174544	6386	2.333333333333333
4	2.713122965189081	3993	2.0
5	2.654648241206032	1592	1.7999999999999998
6	2.629496402877698	417	1.5000000000000002
7	2.530191458026508	97	1.2857142857142858
8	2.5089285714285716	14	0.96875
9	2.6349206349206353	7	1.6666666666666665
