u1	u2	nobservations	iqr
1	2.86323396567299	5535	2.0
2	2.9970700263697627	3413	1.0
3	3.027836257309943	1425	0.666666666666667
4	3.0033460803059273	523	0.5
5	2.974358974358975	156	0.6000000000000001
6	2.8930817610062896	53	0.6666666666666665
7	3.1357142857142852	20	0.8928571428571432
8	2.859375	8	0.53125
10	2.3	2	0.4000000000000008
11	2.6363636363636362	1	0.0
12	3.0833333333333335	1	0.0
