u1	u2	nobservations	iqr
1	8.90713640469738	5535	7.0
2	6.354380310577205	3413	4.0
3	5.708304093567247	1425	3.0
4	5.081261950286807	523	2.0
5	4.951282051282051	156	1.5999999999999996
6	4.216981132075471	53	1.3333333333333335
7	4.864285714285714	20	1.1428571428571432
8	4.53125	8	1.15625
10	4.15	2	1.0500000000000007
11	3.4545454545454546	1	0.0
12	5.75	1	0.0
