u1	u2	nobservations	iqr
1	2.6645833333333333	480	2.0
2	2.31390977443609	532	1.5
3	2.2239057239057245	396	1.3333333333333333
4	2.1022099447513813	181	1.0
5	2.0111111111111097	54	1.0
6	1.8580246913580245	27	0.583333333333333
7	1.9387755102040816	7	0.6428571428571428
8	1.6875	2	0.6875
