u1	u2	nobservations	iqr
1	6.358762886597938	485	4.0
2	4.491489361702127	235	2.0
3	4.330246913580247	108	2.416666666666667
4	3.8935185185185186	54	1.5
5	3.766666666666667	24	1.2000000000000002
6	3.166666666666667	10	1.125
7	3.571428571428571	4	0.4285714285714288
8	3.8125	2	0.0625
9	3.5	2	0.16666666666666696
