u1	u2	nobservations	iqr
1	2.7134020618556702	485	1.0
2	2.2595744680851064	235	1.25
3	2.108024691358025	108	0.7499999999999998
4	1.9907407407407407	54	0.5
5	2.033333333333333	24	0.6499999999999999
6	1.8499999999999996	10	0.6666666666666665
7	1.6428571428571428	4	0.2142857142857142
8	2.3125	2	0.0625
9	1.3333333333333335	2	0.11111111111111094
