u1	u2	nobservations	iqr
1	2.1357142857142857	560	1.0
2	2.0748663101604277	561	1.5
3	1.8679653679653685	462	1.3333333333333335
4	1.8024079320113315	353	0.75
5	1.7484444444444434	225	1.0000000000000002
6	1.7589285714285716	112	0.8333333333333333
7	1.8746867167919798	57	0.9999999999999998
8	1.8194444444444444	18	0.59375
9	1.6111111111111112	14	0.3055555555555556
10	1.525	4	0.17500000000000004
11	2.1818181818181817	2	0.36363636363636376
