u1	u2	nobservations	iqr
1	2.843230403800475	421	2.0
2	2.874407582938389	211	1.5
3	2.984496124031007	129	1.333333333333333
4	2.63953488372093	86	1.0
5	2.556363636363636	55	1.0
6	2.552845528455285	41	0.8333333333333335
7	2.4971428571428573	25	0.7142857142857144
8	2.5	13	0.375
9	2.2098765432098766	9	0.5555555555555558
10	1.95	4	0.19999999999999996
11	1.8484848484848484	3	0.13636363636363646
12	2.2	5	0.33333333333333304
13	1.8461538461538463	1	0.0
16	2.0625	1	0.0
