u1	u2	nobservations	iqr
1	4.634204275534442	421	3.0
2	4.360189573459715	211	2.5
3	4.568475452196384	129	2.666666666666667
4	4.334302325581396	86	2.0
5	4.181818181818181	55	1.6999999999999997
6	4.186991869918699	41	1.166666666666667
7	3.9885714285714275	25	1.285714285714286
8	3.769230769230769	13	1.0
9	3.5679012345679015	9	0.4444444444444442
10	3.225	4	1.4249999999999994
11	3.424242424242424	3	0.6363636363636362
12	3.9	5	1.0
13	3.076923076923077	1	0.0
16	4.0	1	0.0
