u1	u2	nobservations	iqr
1	3.1287222523010287	7388	3.0
2	2.993830360846122	9644	2.5
3	3.1115358477743675	7848	2.333333333333333
4	3.134084761045987	5545	2.25
5	3.20623162845385	3402	1.7999999999999998
6	3.184294871794872	1560	1.8333333333333335
7	3.023979591836733	560	1.4642857142857144
8	3.0668316831683167	202	1.59375
9	2.8576388888888884	64	1.333333333333333
10	3.3272727272727276	11	1.3999999999999995
