u1	u2	nobservations	iqr
1	2.0248051621553675	35799	2.0
2	1.9106830689543541	15445	0.5
3	1.9204198219742281	2509	0.6666666666666667
4	1.8217105263157896	380	0.75
5	1.7082352941176469	85	0.8
6	1.9166666666666667	20	0.875
7	1.8285714285714285	5	0.5714285714285714
8	1.075	5	1.375
9	1.6296296296296295	3	0.22222222222222232
10	1.8	1	0.0
