u1	u2	nobservations	iqr
1	4.177351322662644	35799	2.0
2	2.971997410165102	15445	1.5
3	2.739471236880562	2509	1.0
4	2.6282894736842106	380	1.25
5	2.559999999999999	85	1.0
6	2.658333333333333	20	0.875
7	2.3714285714285714	5	1.0
8	1.85	5	0.5
9	2.3333333333333335	3	0.5555555555555554
10	2.4	1	0.0
