u1	u2	nobservations	iqr
1	1.7811450536111673	24715	1.0
2	1.7437419768934532	28044	1.0
3	1.672944734671407	14548	0.6666666666666667
4	1.642896719858156	4512	0.75
5	1.5641492265696155	1099	0.6000000000000001
6	1.4935897435897445	234	0.5
7	1.5884353741496597	42	0.6785714285714286
8	1.7375	10	0.4375
9	1.5	2	0.2777777777777777
11	1.9545454545454546	2	0.045454545454545414
20	1.0	1	0.0
28	1.9285714285714286	1	0.0
