u1	u2	nobservations	iqr
1	2.975560081466395	491	2.0
2	2.7175648702594812	1002	2.5
3	2.6854226020892678	1404	2.0
4	2.7044787077826724	1362	2.0
5	2.800735970561176	1087	1.8
6	2.6552757793764976	556	1.5000000000000002
7	2.6306471306471315	234	1.1428571428571428
8	2.4608208955223883	67	0.875
9	2.368686868686869	22	0.6388888888888884
10	2.25	2	0.04999999999999982
