u1	u2	nobservations	iqr
1	11.533898305084746	2242	8.0
2	8.365572489253614	2559	4.5
3	7.094368340943678	1752	3.000000000000001
4	6.375726744186046	1032	2.5
5	5.858666666666666	525	2.4000000000000004
6	5.344217687074828	245	1.833333333333334
7	5.2632170978627695	127	1.7142857142857144
8	5.0613636363636365	55	1.6875
9	4.783625730994152	19	1.666666666666666
10	5.017647058823529	17	0.5999999999999996
11	4.3939393939393945	6	0.9772727272727275
12	4.666666666666667	1	0.0
