u1	u2	nobservations	iqr
1	4.467723231542327	2587	5.0
2	4.0874098867147275	3884	4.0
3	3.6380737396538803	5759	3.333333333333333
4	3.3699171686746987	5312	2.75
5	3.2619550858652553	3028	2.2
6	3.189434523809523	1120	1.8333333333333335
7	3.005381604696672	292	1.5714285714285716
8	2.717391304347826	69	1.125
9	2.5714285714285716	14	1.1388888888888893
10	4.8999999999999995	3	3.5999999999999996
11	2.3333333333333335	3	0.7272727272727275
