u1	u2	nobservations	iqr
1	3.5236396074933096	2242	1.0
2	3.3673309886674483	2559	1.5
3	3.2734018264840166	1752	1.0
4	3.2298934108527133	1032	1.0
5	3.1081904761904764	525	0.8000000000000003
6	2.9721088435374154	245	0.666666666666667
7	3.0494938132733393	127	0.714285714285714
8	3.034090909090909	55	0.625
9	2.906432748538012	19	0.3333333333333335
10	3.2588235294117647	17	0.6000000000000001
11	2.9090909090909087	6	0.1363636363636367
12	3.0	1	0.0
