u1	u2	nobservations	iqr
1	9.10673665791776	2286	7.0
2	7.988665803108808	1544	4.5
3	7.353444587077441	779	3.666666666666667
4	6.849570200573066	349	3.25
5	6.313235294117649	136	2.2
6	6.169934640522875	51	2.083333333333332
7	5.496598639455782	21	1.5714285714285712
8	6.089285714285714	7	2.3125
9	8.777777777777779	1	0.0
10	5.2	1	0.0
