u1	u2	nobservations	iqr
1	3.0984251968503935	2286	2.0
2	3.473121761658031	1544	1.0
3	3.4702610183996607	779	1.0
4	3.4197707736389686	349	1.0
5	3.3147058823529436	136	1.0
6	3.316993464052287	51	0.6666666666666665
7	3.2448979591836733	21	1.1428571428571428
8	3.3035714285714284	7	0.6875
9	3.5555555555555554	1	0.0
10	3.2	1	0.0
