u1	u2	nobservations	iqr
1	2.8879189243427654	9966	2.0
2	3.094620144379512	5818	2.0
3	3.2331389262748638	2229	1.3333333333333335
4	3.270785219399538	866	1.0
5	3.2745341614906835	322	1.0
6	3.1810897435897445	104	0.833333333333333
7	3.1294642857142865	32	0.8571428571428572
8	2.888888888888889	18	0.625
9	3.5555555555555554	1	0.0
10	1.6	1	0.0
13	1.6923076923076923	1	0.0
