u1	u2	nobservations	iqr
1	2.5577051367578387	4497	2.0
2	3.386716417910448	6700	3.0
3	3.1131769757362107	8229	2.333333333333333
4	2.9891613361762617	7035	2.125
5	2.8133300174086058	4021	1.8
6	2.6990875558144034	1717	1.5000000000000002
7	2.5343228200371084	539	1.4285714285714286
8	2.3667452830188678	106	1.0
9	2.3159722222222223	32	1.222222222222222
10	1.9166666666666667	6	1.4249999999999994
15	2.733333333333333	3	1.4666666666666668
16	1.25	1	0.0
23	2.260869565217391	1	0.0
