u1	u2	nobservations	iqr
1	8.2576760987357	9966	7.0
2	6.722413200412513	5818	5.0
3	6.572154927471218	2229	3.666666666666667
4	6.466512702078522	866	3.0
5	6.022360248447204	322	2.4000000000000004
6	5.717948717948719	104	2.166666666666666
7	5.687500000000001	32	2.178571428571428
8	5.027777777777778	18	1.625
9	6.444444444444445	1	0.0
10	2.1	1	0.0
13	6.153846153846154	1	0.0
