u1	u2	nobservations	iqr
1	3.716105656848995	8556	3.0
2	3.7687724959662408	16114	3.5
3	3.4200078286641196	17883	3.0
4	3.2377247706422017	13625	2.5
5	3.079175050301833	7952	2.2
6	2.902947719688545	3596	1.8333333333333333
7	2.810651629072685	1140	1.7142857142857144
8	2.8205128205128207	312	1.75
9	2.818518518518518	90	1.4166666666666665
10	2.98695652173913	23	1.25
11	3.0129870129870135	7	2.1363636363636362
12	1.888888888888889	3	0.375
13	3.5	2	0.42307692307692246
26	3.0	1	0.0
