u1	u2	nobservations	iqr
1	5.757954545454545	4400	4.0
2	6.1516224188790565	1695	2.0
3	6.2581699346405175	714	2.0
4	6.184752747252747	364	1.75
5	6.039285714285714	224	1.1999999999999993
6	6.086956521739132	115	1.333333333333334
7	6.139097744360903	76	1.3214285714285712
8	5.9222222222222225	45	1.25
9	6.207729468599035	23	1.7222222222222223
10	6.307142857142857	14	1.200000000000001
11	5.922727272727272	20	0.75
12	6.15	10	0.7291666666666661
13	6.230769230769231	7	0.5
14	6.428571428571429	1	0.0
