u1	u2	nobservations	iqr
1	4.453315290933694	739	3.0
2	3.74295010845987	461	2.0
3	3.36388888888889	240	1.3333333333333335
4	3.2466666666666666	150	1.5
5	3.047058823529412	51	1.0
6	3.1736111111111107	24	1.0833333333333335
7	3.6285714285714286	5	0.8571428571428572
8	2.986111111111111	9	0.25
9	3.3055555555555554	8	0.916666666666667
12	4.666666666666667	1	0.0
