u1	u2	nobservations	iqr
1	2.208389715832206	739	2.0
2	2.213665943600868	461	1.0
3	2.181944444444446	240	0.9999999999999998
4	2.11	150	0.75
5	2.0901960784313727	51	0.5999999999999999
6	2.034722222222222	24	0.3749999999999998
7	1.9142857142857141	5	0.4285714285714286
8	1.9583333333333333	9	0.25
9	1.8611111111111112	8	0.33333333333333326
12	2.5	1	0.0
