u1	u2	nobservations	iqr
1	1.8518518518518519	837	1.0
2	1.935515873015873	1008	1.5
3	1.9360313315926894	766	1.0000000000000002
4	1.9338942307692308	416	1.0
5	2.033846153846154	130	0.7999999999999998
6	1.8333333333333333	31	0.6666666666666665
7	1.7959183673469388	7	0.4999999999999998
8	1.5	1	0.0
