u1	u2	nobservations	iqr
1	2.6359032501889645	13230	2.0
2	2.93614096475881	16004	3.0
3	2.69257153172671	18465	2.0
4	2.4950673243567523	15002	1.75
5	2.395011177785649	8499	1.6
6	2.3233838089691328	3434	1.3333333333333335
7	2.2806023763470558	1034	1.2857142857142858
8	2.2392578125	256	1.03125
9	2.36247723132969	61	1.3333333333333333
10	2.0066666666666664	15	0.6499999999999999
11	1.9292929292929293	9	1.090909090909091
12	3.6666666666666665	1	0.0
16	1.375	1	0.0
