u1	u2	nobservations	iqr
1	3.0	396	3.0
2	2.16055962691539	1501	1.5
3	2.158362690823697	1987	1.3333333333333333
4	2.2540206777713956	1741	1.75
5	2.2954235637779963	1027	1.6
6	2.467780429594271	419	1.4999999999999998
7	2.393267651888342	174	1.2500000000000002
8	2.1904761904761907	42	1.09375
9	1.988888888888889	10	0.666666666666667
10	1.6	4	0.20000000000000018
11	1.1818181818181819	1	0.0
13	1.6923076923076923	2	0.30769230769230793
