u1	u2	nobservations	iqr
1	3.2515114873035067	827	2.0
2	3.1761538461538463	1300	1.5
3	2.948294829482949	1212	1.333333333333333
4	2.8225915875169605	737	1.0
5	2.659574468085107	376	1.0
6	2.7695035460992914	141	0.833333333333333
7	2.744897959183674	42	0.8214285714285716
8	2.9318181818181817	11	0.5625
9	3.1481481481481484	6	0.7222222222222223
10	2.475	8	0.6000000000000001
11	2.8909090909090907	5	0.6363636363636362
12	2.9166666666666665	1	0.0
14	2.2142857142857144	1	0.0
16	2.625	1	0.0
