u1	u2	nobservations	iqr
1	3.4899371321831	99574	3.0
2	3.8401187522155262	56420	1.5
3	3.7407533194249227	20611	0.9999999999999996
4	3.6618994123746975	5786	1.0
5	3.6112010796221337	1482	0.7999999999999998
6	3.6199294532627846	378	0.8333333333333335
7	3.520694259012015	107	1.0
8	3.584375	40	1.0
9	3.5259259259259252	15	0.7777777777777777
10	3.566666666666666	9	1.0
11	3.477272727272727	4	0.25
12	4.166666666666667	1	0.0
13	4.538461538461538	1	0.0
