u1	u2	nobservations	iqr
1	10.915208789443028	99574	9.0
2	9.076639489542716	56420	4.0
3	7.677308233467555	20611	3.0
4	6.975630833045281	5786	2.25
5	6.536842105263146	1482	2.0
6	6.342151675485004	378	2.166666666666666
7	5.955941255006674	107	2.2142857142857144
8	5.98125	40	1.8125
9	5.933333333333334	15	2.499999999999999
10	5.566666666666666	9	1.0
11	6.068181818181818	4	1.204545454545455
12	7.5	1	0.0
13	6.538461538461538	1	0.0
