u1	u2	nobservations	iqr
1	7.407310704960835	383	9.0
2	5.467245989304812	1496	5.5
3	4.453409572215157	1574	3.6666666666666665
4	4.037399598393574	996	3.25
5	3.5564220183486244	436	2.3999999999999995
6	3.196190476190477	175	2.0000000000000004
7	2.9433106575963732	63	1.7142857142857144
8	2.8214285714285716	21	1.125
9	3.2698412698412693	7	0.833333333333333
10	1.4	1	0.0
