u1	u2	nobservations	iqr
1	10.439102564102564	624	9.0
2	9.055555555555555	549	4.5
3	8.213298791018994	386	3.666666666666666
4	7.397674418604651	215	3.0
5	6.8666666666666645	135	2.5
6	6.872222222222224	60	2.166666666666667
7	6.730158730158731	36	2.3928571428571432
8	6.125	12	1.5625
9	5.444444444444445	7	1.5555555555555554
10	7.6	4	1.0500000000000007
11	7.090909090909091	1	0.0
12	5.416666666666667	1	0.0
