u1	u2	nobservations	iqr
1	2.6490384615384617	624	2.0
2	3.0828779599271403	549	1.0
3	3.0993091537132975	386	1.0
4	3.130232558139535	215	0.75
5	3.0666666666666673	135	0.6000000000000001
6	3.202777777777777	60	0.75
7	3.126984126984127	36	0.8571428571428572
8	2.7916666666666665	12	0.65625
9	2.9365079365079367	7	0.2777777777777781
10	3.175	4	0.125
11	4.0	1	0.0
12	3.25	1	0.0
