u1	u2	nobservations	iqr
1	9.366164542294323	1726	6.0
2	6.869218500797448	1881	3.5
3	5.766317485898467	1241	2.666666666666667
4	5.47209653092006	663	2.125
5	5.104424778761063	339	2.0
6	4.731249999999998	160	1.7083333333333335
7	5.279220779220779	66	2.0357142857142847
8	4.80241935483871	31	1.625
9	4.3418803418803416	13	0.7777777777777777
10	4.74	5	0.40000000000000036
11	5.181818181818182	5	1.0909090909090908
12	2.8333333333333335	1	0.0
16	3.25	1	0.0
