u1	u2	nobservations	iqr
1	3.019119351100811	1726	2.0
2	2.874269005847953	1881	1.0
3	2.8428686543110415	1241	1.0
4	2.841628959276018	663	0.75
5	2.7327433628318625	339	0.6000000000000001
6	2.786458333333333	160	0.5
7	2.772727272727273	66	0.5357142857142856
8	2.681451612903226	31	0.5
9	2.7264957264957266	13	0.3333333333333335
10	2.38	5	0.19999999999999973
11	2.709090909090909	5	0.27272727272727293
12	2.6666666666666665	1	0.0
16	2.4375	1	0.0
