u1	u2	nobservations	iqr
1	15.857204955444468	9202	9.0
2	10.842592592592593	5508	5.0
3	9.007293220619932	2011	3.666666666666666
4	8.272151898734178	553	3.0
5	7.693589743589742	156	2.8
6	6.476190476190477	35	1.833333333333334
7	6.414285714285714	10	1.8928571428571423
8	7.0	3	1.875
10	6.6	1	0.0
