u1	u2	nobservations	iqr
1	4.11236687676592	9202	2.0
2	3.7416485112563542	5508	1.5
3	3.5718547986076548	2011	1.333333333333333
4	3.5397830018083183	553	1.0
5	3.4846153846153842	156	1.0
6	3.2190476190476187	35	1.2500000000000004
7	3.5	10	0.49999999999999956
8	3.7083333333333335	3	0.75
10	2.5	1	0.0
