u1	u2	nobservations	iqr
1	6.102321582115219	2326	4.0
2	6.654555084745763	4720	7.5
3	4.418034233280384	5667	4.0
4	3.5960875019601692	6377	2.75
5	3.2106003039513724	5264	2.0
6	2.961934494468179	3043	1.6666666666666665
7	2.9074012977015316	1299	1.5000000000000004
8	2.9621875	400	1.375
9	2.9310344827586214	87	1.2222222222222223
10	2.9157894736842107	19	0.9499999999999997
11	2.242424242424242	3	0.45454545454545414
12	1.3333333333333333	1	0.0
13	2.230769230769231	1	0.0
15	2.8666666666666667	1	0.0
