u1	u2	nobservations	iqr
1	3.4617021276595743	470	1.0
2	3.567590987868284	577	1.0
3	3.490344248530648	397	1.0
4	3.275	210	1.0
5	3.2181818181818196	77	0.8000000000000003
6	3.125	36	0.5416666666666665
7	2.971428571428571	15	0.9285714285714288
8	2.78125	4	0.09375
9	2.777777777777778	3	0.5555555555555554
12	0.9166666666666666	1	0.0
13	0.9230769230769231	1	0.0
