u1	u2	nobservations	iqr
1	11.812765957446809	470	8.0
2	9.08578856152513	577	4.5
3	8.02938706968934	397	4.333333333333333
4	6.813095238095238	210	3.1875
5	6.405194805194804	77	2.2
6	6.162037037037038	36	1.958333333333334
7	5.647619047619048	15	1.8571428571428568
8	5.0625	4	0.875
9	4.555555555555556	3	0.8888888888888893
12	2.0833333333333335	1	0.0
13	2.076923076923077	1	0.0
