u1	u2	nobservations	iqr
1	3.8192419825072887	343	4.0
2	3.836185819070905	818	4.0
3	3.610786766750065	1199	2.666666666666667
4	3.1241690408357075	1053	2.0
5	2.9818791946308756	596	1.7999999999999998
6	2.8767217630853983	242	1.5
7	2.6014109347442687	81	1.2857142857142856
8	2.4956896551724137	29	0.875
9	2.7777777777777777	4	1.5000000000000002
10	3.2	1	0.0
