u1	u2	nobservations	iqr
1	3.8771998435666797	2557	4.0
2	4.080190373563219	5568	4.0
3	3.8663154197400815	4745	3.0
4	3.731419484432541	2987	2.5
5	3.5861280487804885	1312	2.25
6	3.433673469387754	490	2.1666666666666665
7	3.680219780219782	130	2.3571428571428568
8	3.778409090909091	22	2.96875
9	3.4567901234567904	9	2.0000000000000004
10	2.2	1	0.0
11	3.6363636363636362	1	0.0
12	4.166666666666667	2	2.75
13	3.4615384615384617	1	0.0
