u1	u2	nobservations	iqr
1	5.0904572564612325	1006	6.0
2	4.7833274084607185	2813	5.0
3	4.293939393939402	3850	3.666666666666667
4	3.8822183098591547	2840	3.0
5	3.696910569105692	1230	2.5999999999999996
6	3.468500797448165	418	2.3333333333333335
7	3.694581280788177	116	2.428571428571429
8	3.439814814814815	27	1.8125
9	3.788888888888889	10	2.722222222222222
11	1.1818181818181819	1	0.0
13	7.769230769230769	1	0.0
18	1.4444444444444444	1	0.0
