u1	u2	nobservations	iqr
1	6.52055964968493	9363	7.0
2	5.087482797447767	15986	4.5
3	4.611277650424178	17013	4.0
4	4.468915982617093	12426	3.75
5	4.257071269487762	7184	3.0000000000000004
6	4.114159093459003	2971	2.833333333333333
7	3.883158866995073	928	2.285714285714285
8	3.80908203125	256	2.53125
9	3.4938271604938276	54	1.75
10	3.2142857142857144	7	2.1
11	3.795454545454546	4	2.159090909090909
12	5.416666666666667	1	0.0
14	1.9285714285714286	1	0.0
19	1.0	1	0.0
20	1.95	1	0.0
