u1	u2	nobservations	iqr
1	4.929211210632765	3461	4.0
2	4.180356842282444	5941	4.0
3	4.142377639448305	5462	3.333333333333333
4	3.9095205163669893	4338	3.0
5	3.8128398791540796	2648	2.6
6	3.575260804769002	1342	2.1666666666666665
7	3.3985526668453487	533	1.7142857142857149
8	3.2612359550561796	178	1.625
9	3.3743961352656995	46	1.583333333333334
10	3.0705882352941183	17	1.7000000000000002
11	3.3636363636363638	1	0.0
13	1.7692307692307692	1	0.0
