u1	u2	nobservations	iqr
1	5.6419753086419755	486	3.0
2	3.8178694158075603	291	1.75
3	3.1386430678466066	113	1.333333333333333
4	2.8525641025641026	39	1.125
5	2.7181818181818183	22	0.7999999999999998
6	2.2083333333333335	8	0.7916666666666665
7	2.5952380952380953	6	0.785714285714286
8	2.375	3	0.375
11	1.7272727272727273	1	0.0
12	2.0	1	0.0
