u1	u2	nobservations	iqr
1	2.4974093264248705	579	2.0
2	2.2012867647058822	544	1.5
3	2.0438596491228074	380	1.3333333333333333
4	1.8214285714285714	140	1.0
5	1.6800000000000002	40	0.40000000000000013
6	2.0625	8	1.0
9	1.5555555555555556	1	0.0
