u1	u2	nobservations	iqr
1	2.4156378600823047	486	1.0
2	2.0309278350515463	291	1.0
3	1.828908554572271	113	1.0000000000000002
4	1.7371794871794872	39	0.5
5	1.6363636363636365	22	0.3500000000000003
6	1.4791666666666665	8	0.45833333333333326
7	1.7380952380952381	6	1.0357142857142854
8	1.1666666666666667	3	0.125
11	1.1818181818181819	1	0.0
12	1.0	1	0.0
