u1	u2	nobservations	iqr
1	3.3650026838432634	1863	2.0
2	3.7468525179856114	1112	1.5
3	3.9435897435897487	520	1.3333333333333335
4	3.774364406779661	236	1.0625
5	3.9633027522935786	109	1.3999999999999995
6	4.174129353233832	67	1.3333333333333335
7	4.157894736842105	38	1.3928571428571428
8	3.75	12	0.5625
9	4.236111111111111	8	0.75
10	4.1	2	0.6000000000000005
11	4.363636363636363	1	0.0
12	4.083333333333333	3	0.45833333333333304
15	3.933333333333333	1	0.0
19	5.842105263157895	1	0.0
