u1	u2	nobservations	iqr
1	2.418006430868167	622	2.0
2	2.0593939393939396	825	1.0
3	1.9329556185080286	353	1.0000000000000002
4	1.7626050420168067	119	0.75
5	1.6923076923076925	26	0.75
6	1.8055555555555556	6	1.0000000000000002
