u1	u2	nobservations	iqr
1	4.6422018348623855	981	3.0
2	2.8986842105263158	380	1.5
3	3.936170212765958	47	1.8333333333333335
4	3.6739130434782608	23	1.875
5	2.866666666666667	3	0.3999999999999999
6	2.8333333333333335	1	0.0
