u1	u2	nobservations	iqr
1	1.9938837920489296	981	1.0
2	1.9092105263157895	380	1.0
3	2.2269503546099294	47	0.9999999999999998
4	2.3369565217391304	23	0.5
5	1.6666666666666667	3	0.19999999999999996
6	2.0	1	0.0
