u1	u2	nobservations	iqr
1	2.773913043478261	345	2.0
2	2.544747081712062	257	1.0
3	2.5036496350364956	137	1.0
4	2.4191176470588234	68	0.75
5	2.1837837837837832	37	0.8
6	2.4777777777777783	15	1.0
7	2.642857142857143	4	0.21428571428571397
8	2.15625	4	0.28125
9	2.1944444444444446	4	0.25
