u1	u2	nobservations	iqr
1	1.987146529562982	389	1.0
2	1.972488038277512	418	1.5
3	1.9679633867276904	437	1.0000000000000002
4	1.8622112211221122	303	1.0
5	1.9046874999999999	128	1.0
6	1.7500000000000002	52	0.8333333333333333
7	1.6233766233766238	11	0.2857142857142856
8	1.9583333333333333	3	0.3125
