u1	u2	nobservations	iqr
1	5.579710144927536	345	3.0
2	4.262645914396887	257	2.5
3	4.01946472019465	137	2.3333333333333335
4	3.724264705882353	68	1.75
5	3.5189189189189185	37	1.0
6	4.144444444444445	15	1.333333333333333
7	4.428571428571429	4	0.6428571428571432
8	3.53125	4	0.65625
9	3.916666666666667	4	0.583333333333333
