u1	u2	nobservations	iqr
1	3.0111102356000314	38073	3.0
2	3.06315056301513	25843	2.5
3	2.853351144151492	17218	1.9999999999999998
4	2.6431451612903225	9300	1.5
5	2.428256782164921	3723	1.2
6	2.2616296296296294	1125	0.8333333333333333
7	2.08661025385764	287	0.7142857142857142
8	2.0197368421052633	38	0.59375
9	1.8888888888888888	5	0.4444444444444444
10	1.8	1	0.0
