u1	u2	nobservations	iqr
1	3.476489028213166	319	1.0
2	2.9789473684210526	190	1.0
3	2.628691983122363	79	0.6666666666666665
4	2.67	25	0.75
5	2.5	10	1.2
6	2.518518518518519	9	0.666666666666667
7	2.5714285714285716	1	0.0
