u1	u2	nobservations	iqr
1	3.488	125	5.0
2	2.3548387096774195	248	1.625
3	2.344888888888892	375	1.3333333333333333
4	2.1167355371900825	242	1.0
5	1.930232558139535	86	0.9499999999999997
6	2.166666666666667	29	1.1666666666666665
7	1.7023809523809523	12	0.6071428571428572
8	1.875	1	0.0
