u1	u2	nobservations	iqr
1	9.642633228840126	319	3.0
2	5.484210526315789	190	2.0
3	4.71308016877637	79	1.666666666666667
4	4.67	25	1.25
5	4.5	10	2.1499999999999995
6	4.314814814814814	9	2.3333333333333335
7	4.285714285714286	1	0.0
