u1	u2	nobservations	iqr
1	3.376152073732719	1736	3.0
2	4.227886056971514	667	2.0
3	3.8875968992248047	344	1.666666666666667
4	4.0681034482758625	290	1.5
5	4.0135338345864655	133	1.2000000000000002
6	4.22	100	1.333333333333333
7	4.116883116883117	66	1.4285714285714284
8	4.04054054054054	37	1.0
9	4.155555555555557	20	1.0277777777777777
10	4.9111111111111105	9	2.0
11	3.8181818181818183	1	0.0
12	3.5625	4	0.8958333333333335
13	3.5384615384615383	1	0.0
14	3.857142857142857	1	0.0
15	3.8	1	0.0
