u1	u2	nobservations	iqr
1	3.42380522993688	6654	3.0
2	3.3675730598025932	10334	3.0
3	2.9804518398268174	9856	2.333333333333333
4	2.846347909658818	6243	2.0
5	2.707822085889564	2608	1.5999999999999999
6	2.711237853823405	789	1.5000000000000002
7	2.661854103343465	188	1.2857142857142856
8	2.705	50	1.09375
9	1.8271604938271606	9	0.7777777777777777
10	1.5499999999999998	2	0.15000000000000013
12	1.6666666666666667	3	0.5416666666666665
