u1	u2	nobservations	iqr
1	3.7684521299029945	2371	4.0
2	3.6075455333911535	2306	3.5
3	3.209815950920242	1630	2.333333333333333
4	2.838681446907818	857	1.75
5	2.8638977635782723	313	1.4
6	2.6304347826086953	92	1.3333333333333333
7	2.662337662337662	22	1.0714285714285716
8	2.375	3	0.8125
9	2.2222222222222223	1	0.0
