u1	u2	nobservations	iqr
1	6.6308805790108565	829	6.0
2	5.163565891472868	645	3.0
3	4.631647211413747	514	2.5833333333333335
4	4.403333333333333	375	2.0
5	3.943426294820716	251	1.5999999999999996
6	3.8464566929133857	127	1.583333333333333
7	3.78125	64	1.5
8	3.9296875	48	1.25
9	3.650793650793651	21	1.333333333333333
10	3.9777777777777765	18	1.725000000000001
11	3.375	8	0.9318181818181821
12	3.1666666666666665	1	0.0
13	3.9615384615384617	2	0.5
21	2.619047619047619	1	0.0
