u1	u2	nobservations	iqr
1	4.505358615004122	1213	5.0
2	4.048890063424947	1892	4.0
3	3.5467328370554156	1612	3.0
4	3.20175	1000	2.25
5	3.025688073394495	436	1.7999999999999998
6	2.724806201550387	129	1.3333333333333335
7	2.3722943722943723	33	0.7142857142857144
8	2.3958333333333335	6	0.9375
9	3.2222222222222228	3	1.333333333333333
10	2.3	2	0.5999999999999996
