u1	u2	nobservations	iqr
1	5.129554655870446	1976	2.0
2	5.026960784313726	204	3.0
3	6.328358208955225	67	3.500000000000001
4	6.177631578947368	38	2.25
5	6.571428571428571	14	1.8499999999999996
6	6.857142857142857	7	0.9999999999999991
7	5.714285714285713	6	1.2857142857142865
9	9.11111111111111	1	0.0
