u1	u2	nobservations	iqr
1	2.3714574898785425	1976	1.0
2	2.531862745098039	204	1.0
3	2.756218905472636	67	1.166666666666667
4	2.8815789473684212	38	1.0
5	3.028571428571429	14	0.5
6	2.4523809523809526	7	0.16666666666666607
7	2.880952380952381	6	0.8214285714285712
9	2.5555555555555554	1	0.0
