u1	u2	nobservations	iqr
1	4.310160427807487	187	3.0
2	2.4944661458333335	1536	1.5
3	2.1793394777265727	868	1.0000000000000002
4	2.6255458515283845	229	1.5
5	2.615384615384615	65	1.6
6	2.4444444444444446	6	0.7916666666666665
7	2.642857142857143	2	0.9285714285714288
8	3.5	2	0.0
