u1	u2	nobservations	iqr
1	2.008403361344538	476	1.0
2	1.8290414878397712	1398	1.0
3	1.6720055710306343	1436	1.0
4	1.6950455580865604	878	1.0
5	1.7279999999999993	375	1.0000000000000002
6	1.6463963963963961	148	0.6666666666666665
7	1.756043956043956	65	0.7142857142857142
8	1.625	22	0.59375
9	1.8148148148148149	3	0.11111111111111116
10	1.5999999999999999	3	0.25
13	1.0769230769230769	1	0.0
