u1	u2	nobservations	iqr
1	2.959205582393988	1863	2.0
2	2.81812725090036	833	1.5
3	2.966547192353645	279	1.333333333333333
4	2.8055555555555554	99	1.0
5	2.912	25	1.0
6	2.75	16	0.375
7	2.6	5	0.14285714285714324
8	2.1875	2	0.0625
