u1	u2	nobservations	iqr
1	5.09393451422437	1863	2.0
2	4.228091236494598	833	2.0
3	4.250896057347671	279	1.6666666666666665
4	3.936868686868687	99	1.75
5	3.976000000000001	25	0.8000000000000003
6	3.8125	16	0.9583333333333335
7	3.942857142857143	5	1.1428571428571428
8	3.125	2	0.0
