u1	u2	nobservations	iqr
1	2.1798302032415746	3887	1.0
2	2.447030737093405	6702	2.0
3	2.248360750028758	8693	1.3333333333333333
4	2.215221075335079	6491	1.5
5	2.2319725771268097	3209	1.4
6	2.253721424774057	1254	1.3333333333333335
7	2.317937701396346	399	1.0000000000000002
8	2.199074074074074	135	1.0
9	2.111111111111111	28	0.7777777777777779
10	2.6166666666666667	6	0.7499999999999996
11	3.0	1	0.0
