u1	u2	nobservations	iqr
1	5.94408579758434	9604	3.0
2	5.1313088109495295	4676	3.0
3	5.16366065464262	1996	2.0
4	5.08793324775353	779	1.75
5	5.222598870056501	354	1.7999999999999998
6	5.260822510822509	154	1.791666666666667
7	5.128571428571428	60	1.7499999999999991
8	5.130434782608695	23	1.875
9	5.425925925925927	18	1.5555555555555562
10	5.3999999999999995	4	1.2499999999999991
11	5.345454545454546	5	1.4545454545454541
12	4.937500000000001	4	0.9375
13	4.769230769230769	1	0.0
