u1	u2	nobservations	iqr
1	4.811860940695296	2445	3.0
2	4.0824120603015075	1990	2.5
3	3.9836734693877562	980	1.666666666666667
4	3.974742268041237	485	1.5
5	3.8584474885844764	219	1.2000000000000002
6	3.9759759759759743	111	1.3333333333333335
7	3.9365079365079376	63	1.2142857142857144
8	4.065789473684211	19	2.0625
9	3.7407407407407405	12	1.3333333333333335
10	3.6666666666666665	3	1.4
11	3.909090909090909	2	0.0
12	4.555555555555556	3	1.7500000000000004
13	5.230769230769231	1	0.0
16	3.1875	1	0.0
