u1	u2	nobservations	iqr
1	2.85932944606414	9604	2.0
2	3.0369974337040206	4676	1.0
3	3.2112558450233735	1996	1.0
4	3.253530166880616	779	1.0
5	3.3011299435028247	354	1.0
6	3.3181818181818183	154	1.0
7	3.2166666666666672	60	0.7500000000000004
8	3.141304347826087	23	0.875
9	3.265432098765432	18	0.7499999999999996
10	3.1999999999999997	4	1.0
11	3.218181818181818	5	0.5454545454545454
12	3.1458333333333335	4	0.6874999999999996
13	3.5384615384615383	1	0.0
