u1	u2	nobservations	iqr
1	2.5865030674846627	2445	1.0
2	2.5404522613065326	1990	1.0
3	2.641156462585035	980	1.0
4	2.6695876288659792	485	0.75
5	2.6922374429223743	219	0.7000000000000002
6	2.614114114114113	111	0.5
7	2.64625850340136	63	0.5714285714285716
8	2.5065789473684212	19	0.75
9	2.3796296296296298	12	0.583333333333333
10	2.4	3	0.5
11	2.3181818181818183	2	0.3181818181818179
12	2.3055555555555554	3	0.125
13	3.076923076923077	1	0.0
16	2.25	1	0.0
