u1	u2	nobservations	iqr
1	7.124545454545455	5500	10.0
2	3.8317804629494834	13738	3.5
3	3.333972427645418	21906	2.666666666666666
4	3.1576186012602196	19203	2.25
5	3.1644553799564865	10567	2.0
6	3.181002143622717	3732	1.666666666666667
7	3.228282828282829	990	1.5714285714285716
8	3.2587548638132295	257	1.5
9	3.1625207296849087	67	1.6666666666666665
10	3.3888888888888893	9	0.8999999999999999
11	3.051948051948052	7	1.1818181818181817
18	1.8333333333333333	1	0.0
