u1	u2	nobservations	iqr
1	3.4386370414554133	13412	3.0
2	3.0760082482136863	20853	2.5
3	2.7020665322580717	19840	2.0
4	2.5737203264094957	10784	1.75
5	2.531386025200453	3492	1.6
6	2.6720753205128176	832	1.5000000000000002
7	2.6208791208791204	182	1.5714285714285714
8	2.7282608695652173	23	1.375
9	2.1746031746031744	7	1.2222222222222219
10	2.7000000000000006	3	0.5499999999999998
12	2.5833333333333335	1	0.0
