u1	u2	nobservations	iqr
1	12.199433174224344	6704	10.0
2	9.044892427579198	5903	5.5
3	7.663829076948737	3994	4.000000000000001
4	6.884572324227497	2233	3.5
5	6.521847246891657	1126	3.2
6	6.112326043737568	503	2.333333333333334
7	5.857735625370476	241	2.0
8	5.902027027027027	111	2.5
9	5.916142557651991	53	1.666666666666667
10	5.825	40	2.8249999999999993
11	6.757575757575757	12	3.454545454545454
12	5.708333333333333	6	0.75
14	4.642857142857142	2	0.07142857142857206
16	4.5	1	0.0
