u1	u2	nobservations	iqr
1	1.841109709962169	1586	1.0
2	1.9039045553145337	2305	1.5
3	1.8486557623613507	1773	1.3333333333333335
4	1.7737165178571428	896	1.0
5	1.6751592356687883	314	0.8
6	1.5876068376068382	78	0.6666666666666665
7	1.6476190476190475	15	0.7142857142857142
8	1.375	3	0.4375
9	3.0	2	1.0
15	2.5	4	0.033333333333333215
