u1	u2	nobservations	iqr
1	2.43359375	2304	1.0
2	2.2740963855421685	1162	1.5
3	2.290443942814144	443	0.9999999999999998
4	2.1823979591836733	196	1.0
5	2.422580645161291	62	0.9999999999999998
6	2.16025641025641	26	0.625
7	1.89010989010989	13	0.7142857142857142
8	1.90625	8	0.4375
9	1.8518518518518519	3	0.05555555555555558
10	1.65	2	0.15000000000000013
11	2.5454545454545454	2	0.6363636363636358
13	1.6923076923076923	1	0.0
14	2.071428571428571	2	0.07142857142857162
45	2.1333333333333333	1	0.0
