u1	u2	nobservations	iqr
1	4.032930845225027	911	3.0
2	4.739345887016849	2018	5.0
3	3.8775969299986794	2519	3.333333333333333
4	3.497284084736556	1841	2.75
5	3.237767220902616	842	2.4000000000000004
6	3.1439393939393945	264	1.8333333333333335
7	3.4773519163763082	82	2.107142857142857
8	3.46875	20	1.4375
9	3.3888888888888893	4	0.8888888888888888
