u1	u2	nobservations	iqr
1	3.426328502415459	828	3.0
2	3.6852109411219285	2157	3.0
3	3.588992597360807	3107	3.0
4	3.4526205848841625	2633	2.5
5	3.253459577567372	1373	2.2
6	3.1025641025640995	481	1.8333333333333335
7	2.9787835926449793	101	1.4285714285714288
8	2.3365384615384617	26	1.21875
9	2.977777777777778	5	0.5555555555555558
11	2.4545454545454546	1	0.0
