u1	u2	nobservations	iqr
1	11.702508960573477	1116	7.25
2	8.450864779874214	1272	4.5
3	7.240784313725486	850	2.999999999999999
4	6.365461847389558	498	2.25
5	5.893775933609961	241	1.7999999999999998
6	5.561162079510705	109	1.666666666666666
7	5.126984126984127	63	1.6428571428571432
8	5.240384615384615	26	1.28125
9	4.949494949494949	11	1.166666666666667
10	5.3	3	1.5
