u1	u2	nobservations	iqr
1	3.5707885304659497	1116	1.0
2	3.35062893081761	1272	1.5
3	3.325098039215688	850	0.6666666666666665
4	3.244979919678715	498	0.9375
5	3.2331950207468876	241	0.6000000000000001
6	3.0672782874617734	109	0.5
7	3.0839002267573696	63	0.714285714285714
8	2.951923076923077	26	0.5
9	3.0101010101010104	11	0.2777777777777781
10	3.033333333333333	3	0.3999999999999999
