u1	u2	nobservations	iqr
1	2.944687045123726	4122	2.0
2	3.598176489742755	3071	1.5
3	3.5201674277016672	1752	1.0
4	3.480337078651685	801	1.0
5	3.3734374999999996	384	0.7999999999999998
6	3.3806146572103994	141	0.8333333333333335
7	3.348571428571427	50	1.035714285714286
8	3.1166666666666667	15	0.8125
9	3.455555555555555	10	0.8055555555555554
10	3.675	4	0.7749999999999995
11	2.6363636363636362	1	0.0
12	3.25	1	0.0
