u1	u2	nobservations	iqr
1	7.142163998059194	4122	7.0
2	6.928687723868447	3071	4.0
3	6.120433789954335	1752	3.0
4	5.799625468164794	801	2.5
5	5.325000000000002	384	2.4000000000000004
6	4.946808510638296	141	2.0
7	4.722857142857142	50	1.535714285714286
8	4.491666666666666	15	1.875
9	5.377777777777776	10	1.1944444444444446
10	4.975	4	0.9749999999999988
11	3.8181818181818183	1	0.0
12	5.75	1	0.0
