u1	u2	nobservations	iqr
1	2.36734693877551	6027	1.0
2	2.7329842931937174	2865	1.5
3	2.681621801262879	1003	0.6666666666666665
4	2.635767790262172	267	0.75
5	2.6820512820512836	78	0.7999999999999998
6	2.41025641025641	13	0.666666666666667
7	2.5238095238095237	6	0.2142857142857144
8	2.725	5	0.25
