u1	u2	nobservations	iqr
1	2.7023076923076923	2600	2.0
2	2.5032044655778374	4837	2.0
3	2.344868499110156	5057	1.6666666666666667
4	2.2442895857530005	2583	1.25
5	2.207407407407414	729	1.4
6	2.098360655737704	122	1.1666666666666665
7	1.8131868131868134	13	0.857142857142857
8	2.625	2	0.375
