u1	u2	nobservations	iqr
1	5.845196615231458	6027	5.0
2	4.890052356020942	2865	2.5
3	4.347956131605184	1003	2.333333333333333
4	3.9962546816479403	267	1.75
5	4.079487179487179	78	1.5999999999999996
6	3.512820512820513	13	1.166666666666667
7	3.6666666666666665	6	1.5357142857142856
8	3.475	5	0.875
