u1	u2	nobservations	iqr
1	7.177257525083612	8970	9.0
2	6.101610714754672	22847	6.5
3	5.325179135526665	25958	5.0
4	4.764143183144935	18843	4.0
5	4.386704672706895	9823	3.4
6	3.9873249119188805	3879	2.666666666666667
7	3.87668798862829	1206	2.4285714285714284
8	3.5786290322580645	310	2.5
9	3.574074074074074	66	1.9722222222222223
10	3.25	22	2.4
11	2.659090909090909	4	0.6136363636363638
12	2.5833333333333335	2	0.9166666666666665
14	3.2857142857142856	1	0.0
15	2.7333333333333334	1	0.0
