u1	u2	nobservations	iqr
1	2.8369905956112853	2233	2.0
2	3.471372622155912	5362	3.0
3	3.1398416886543528	7580	3.0
4	2.8634506599622878	6364	2.25
5	2.782820369334076	3574	2.0
6	2.6743606415257912	1538	1.6666666666666667
7	2.614861329147041	546	1.4285714285714284
8	2.5009259259259258	135	1.25
9	3.165079365079365	35	1.6111111111111112
10	2.342857142857143	14	1.2750000000000001
11	2.606060606060606	3	0.22727272727272751
12	3.041666666666667	2	0.9583333333333335
