u1	u2	nobservations	iqr
1	5.390625	704	3.0
2	5.327868852459017	244	3.125
3	4.843749999999998	96	1.7500000000000004
4	4.481132075471698	53	2.25
5	4.761904761904762	21	2.3999999999999995
6	3.9583333333333335	8	0.75
7	3.8571428571428577	3	0.35714285714285676
8	3.8333333333333335	3	0.5625
9	2.5555555555555554	1	0.0
