u1	u2	nobservations	iqr
1	2.5213068181818183	704	1.0
2	2.6721311475409837	244	1.5
3	2.5104166666666674	96	1.0
4	2.2830188679245285	53	1.0
5	2.2285714285714286	21	0.8
6	2.0625	8	0.41666666666666674
7	2.2380952380952377	3	0.1428571428571428
8	1.9583333333333333	3	0.25
9	1.7777777777777777	1	0.0
