u1	u2	nobservations	iqr
1	3.4175824175824174	364	3.0
2	2.6928	625	2.0
3	2.4895330112721425	414	2.0
4	2.57319391634981	263	1.75
5	2.394782608695653	115	1.0999999999999999
6	2.142857142857143	35	1.1666666666666667
7	2.107142857142857	4	0.8214285714285716
8	2.25	1	0.0
