u1	u2	nobservations	iqr
1	3.7473821989528795	764	4.0
2	3.454483695652174	736	3.125
3	3.3251445086705194	692	3.0
4	3.1152263374485596	486	2.5
5	2.847619047619049	357	1.6
6	2.827546296296296	144	1.5416666666666665
7	2.3642857142857143	40	1.0714285714285714
8	2.35	10	0.71875
9	1.4999999999999998	4	0.5
