u1	u2	nobservations	iqr
1	2.5391862619724925	38317	2.0
2	2.388875992984628	38772	2.0
3	2.450163879952311	22069	1.6666666666666667
4	2.420764698809667	8317	1.25
5	2.367727272727271	2200	1.1999999999999997
6	2.3098290598290605	468	1.1666666666666667
7	2.5544554455445545	101	1.2857142857142856
8	2.210526315789474	19	0.75
9	2.1203703703703707	12	0.9166666666666663
10	1.8999999999999997	3	0.44999999999999996
11	1.0454545454545454	2	0.045454545454545414
