u1	u2	nobservations	iqr
1	4.3582995951417	494	2.0
2	3.8359133126934983	646	1.5
3	3.7898894154818357	422	1.666666666666667
4	3.6652097902097904	286	1.25
5	3.635135135135134	148	1.4000000000000004
6	3.5705128205128207	78	1.25
7	3.420168067226891	34	0.9285714285714288
8	3.7202380952380953	21	0.5
9	3.291666666666667	8	0.8333333333333339
10	3.15	2	0.14999999999999947
12	2.0833333333333335	1	0.0
13	3.923076923076923	1	0.0
14	3.2857142857142856	2	0.714285714285714
