u1	u2	nobservations	iqr
1	7.870445344129554	494	5.0
2	5.675696594427245	646	3.0
3	5.325434439178517	422	2.333333333333333
4	5.100524475524476	286	2.0
5	4.982432432432431	148	2.05
6	4.824786324786326	78	1.791666666666667
7	4.567226890756302	34	1.1428571428571428
8	5.309523809523809	21	1.25
9	4.777777777777778	8	1.416666666666667
10	4.050000000000001	2	0.3500000000000001
12	3.0	1	0.0
13	5.769230769230769	1	0.0
14	4.464285714285714	2	1.0357142857142856
