u1	u2	nobservations	iqr
1	3.946053153510512	2521	4.0
2	3.6021286231884058	4416	3.0
3	3.293991238945374	4033	2.333333333333333
4	3.1126029008232066	2551	2.0
5	2.950342130987287	1023	1.8
6	3.0195783132530107	332	1.8750000000000002
7	3.1229656419529834	79	1.7142857142857144
8	2.935185185185185	27	1.3125
9	2.9999999999999996	6	1.2777777777777777
10	2.7	2	0.40000000000000036
