u1	u2	nobservations	iqr
1	3.2442244224422443	303	2.0
2	2.8796296296296298	162	1.0
3	2.807511737089203	71	0.8333333333333335
4	2.5588235294117645	17	0.75
5	2.8000000000000003	6	0.0
6	2.3333333333333335	4	0.16666666666666652
7	2.2857142857142856	1	0.0
8	2.3125	2	0.3125
