u1	u2	nobservations	iqr
1	10.488448844884488	303	6.0
2	6.996913580246914	162	3.5
3	6.455399061032865	71	3.0
4	4.779411764705882	17	1.25
5	5.733333333333333	6	2.5
6	4.875	4	1.291666666666667
7	4.857142857142857	1	0.0
8	4.375	2	1.5
