u1	u2	nobservations	iqr
1	3.6020408163265305	98	4.0
2	3.353281853281853	259	2.5
3	3.1092715231788093	302	2.0
4	2.709798994974874	199	1.75
5	2.6523809523809523	84	1.45
6	2.4523809523809526	14	1.2500000000000002
7	3.0	4	0.3571428571428572
8	2.125	1	0.0
23	1.391304347826087	1	0.0
