u1	u2	nobservations	iqr
1	18.040797824116048	2206	10.0
2	12.776315789473685	1634	6.0
3	11.506094997898282	793	4.666666666666666
4	10.242647058823529	306	3.625
5	9.541379310344825	116	3.1999999999999993
6	9.376068376068377	39	3.2500000000000018
7	9.204081632653061	14	5.071428571428572
8	11.0625	4	2.625
9	8.222222222222221	1	0.0
10	7.4	1	0.0
11	6.454545454545454	1	0.0
