u1	u2	nobservations	iqr
1	4.084768812330009	2206	2.0
2	4.118421052631579	1634	2.0
3	4.094577553593951	793	1.3333333333333335
4	4.018790849673203	306	1.4375
5	3.9	116	1.0000000000000004
6	3.7820512820512815	39	1.3333333333333335
7	3.6734693877551026	14	1.25
8	5.28125	4	1.78125
9	3.7777777777777777	1	0.0
10	2.9	1	0.0
11	3.727272727272727	1	0.0
