u1	u2	nobservations	iqr
1	8.464539007092199	282	10.0
2	7.767175572519084	1441	9.0
3	4.936801734200441	1999	5.0
4	4.078805620608899	2135	3.5
5	3.6177988414955276	1899	2.5999999999999996
6	3.3357723577235743	1230	2.1666666666666665
7	3.338558786346395	565	2.0000000000000004
8	3.219929245283019	212	1.75
9	3.305555555555555	48	1.6388888888888884
10	3.0263157894736836	19	1.4
11	2.696969696969697	3	1.0000000000000004
12	5.083333333333333	1	0.0
16	2.875	1	0.0
