u1	u2	nobservations	iqr
1	6.5476660092044705	1521	4.0
2	4.703076923076923	975	2.0
3	3.833333333333334	530	1.666666666666667
4	3.6986301369863015	219	1.5
5	3.5711711711711716	111	1.2999999999999998
6	3.4285714285714284	42	1.5833333333333335
7	3.698412698412698	18	1.25
8	4.375	2	0.875
9	3.138888888888889	4	1.1944444444444442
11	2.909090909090909	1	0.0
