u1	u2	nobservations	iqr
1	2.51805802249852	1689	2.0
2	2.34383637368712	1809	2.0
3	2.321377035662751	1617	1.6666666666666667
4	2.2372395833333334	960	1.25
5	2.1377892030848327	389	1.0
6	2.154639175257732	97	0.8333333333333333
7	2.0	14	1.0000000000000002
8	2.65625	4	0.78125
11	2.3636363636363638	1	0.0
