u1	u2	nobservations	iqr
1	2.9546351084812623	1521	2.0
2	2.444102564102564	975	1.0
3	2.1987421383647794	530	0.9999999999999998
4	2.125570776255708	219	0.75
5	2.108108108108109	111	0.5999999999999999
6	1.9722222222222219	42	0.4999999999999998
7	2.1190476190476195	18	0.5357142857142856
8	2.25	2	0.125
9	1.6666666666666667	4	0.2222222222222221
11	1.6363636363636365	1	0.0
