u1	u2	nobservations	iqr
1	2.2516339869281046	306	2.0
2	1.958955223880597	268	1.0
3	1.8324607329842932	191	1.0000000000000002
4	1.8022727272727272	110	0.5
5	1.677966101694915	59	0.40000000000000013
6	1.4774774774774777	37	0.3333333333333335
7	1.5563909774436089	19	0.2857142857142856
8	1.4	5	0.375
9	1.3333333333333333	3	0.16666666666666652
10	1.4	1	0.0
