u1	u2	nobservations	iqr
1	2.9851752021563343	742	3.0
2	2.8291338582677166	635	2.0
3	2.7667514843087373	393	1.9999999999999998
4	2.5093457943925235	214	1.5
5	2.4072289156626496	83	1.4000000000000001
6	2.0000000000000004	28	0.8333333333333335
7	1.9428571428571426	10	1.1071428571428574
9	1.5	2	0.16666666666666652
