u1	u2	nobservations	iqr
1	6.003267973856209	306	3.0
2	4.309701492537314	268	2.5
3	3.898778359511343	191	1.666666666666667
4	3.2545454545454544	110	1.5
5	3.1491525423728817	59	1.1
6	2.95945945945946	37	0.666666666666667
7	2.56390977443609	19	0.4285714285714288
8	2.075	5	0.375
9	2.222222222222222	3	0.16666666666666652
10	1.8	1	0.0
