u1	u2	nobservations	iqr
1	2.84297520661157	605	2.0
2	2.7518796992481205	532	1.0
3	2.6292929292929283	330	1.0
4	2.646276595744681	188	0.75
5	2.6070588235294103	85	0.7999999999999998
6	2.4471544715447155	41	0.5
7	2.4857142857142853	20	0.8571428571428572
8	2.590909090909091	11	0.6875
9	1.4444444444444444	1	0.0
