u1	u2	nobservations	iqr
1	9.368595041322314	605	7.0
2	7.975563909774436	532	5.5
3	7.32727272727272	330	2.999999999999999
4	7.089095744680851	188	2.8125
5	6.512941176470589	85	1.8000000000000007
6	6.065040650406505	41	1.166666666666667
7	5.692857142857142	20	1.4999999999999991
8	5.136363636363637	11	2.125
9	6.222222222222222	1	0.0
