u1	u2	nobservations	iqr
1	7.707401032702237	581	9.0
2	5.167507886435331	1585	5.5
3	4.222128851540615	1190	4.0
4	3.5344387755102042	588	2.75
5	3.1016806722689063	238	2.2
6	2.7337398373983732	82	1.6666666666666667
7	2.8154761904761902	24	1.0
8	3.375	1	0.0
9	2.3333333333333335	1	0.0
