u1	u2	nobservations	iqr
1	2.6303370786516855	890	2.0
2	2.564985451018429	1031	2.5
3	2.5045351473922906	1176	2.0
4	2.5236943907156673	1034	1.5
5	2.519011406844106	526	1.2
6	2.515779092702169	169	1.1666666666666667
7	2.51863354037267	46	0.9642857142857144
8	2.1666666666666665	18	0.71875
9	3.0555555555555554	2	0.38888888888888884
