u1	u2	nobservations	iqr
1	2.6052631578947367	1596	2.0
2	2.9049714034315883	2273	2.5
3	2.9632962766896065	1889	2.666666666666667
4	2.8276699029126213	1236	2.25
5	2.7116477272727284	704	1.5999999999999999
6	2.560790273556229	329	1.4999999999999998
7	2.4322033898305095	118	1.0
8	2.361111111111111	27	0.75
9	2.6	5	0.4444444444444442
10	2.5	1	0.0
11	1.5454545454545454	2	0.18181818181818166
12	3.3333333333333335	1	0.0
